28-10-2021 13:51:27.752,18151424,28-10-2021 13:52:03.462,1016,
28-10-2021 13:51:27.752,18151424,28-10-2021 13:52:03.462,1016,
28-10-2021 13:51:27.752,18151424,28-10-2021 13:52:03.462,1016,
28-10-2021 13:51:27.752,18151424,28-10-2021 13:52:03.462,1016,
28-10-2021 13:51:27.752,18151424,28-10-2021 13:52:03.462,1016,
28-10-2021 13:51:27.752,18151424,28-10-2021 13:52:03.462,1016,
28-10-2021 13:51:27.752,18151424,28-10-2021 13:52:03.462,1016,
28-10-2021 13:51:27.752,18151424,28-10-2021 13:52:03.462,1016,
28-10-2021 13:51:27.752,18151424,28-10-2021 13:52:03.462,1016,
28-10-2021 13:51:27.752,18151424,28-10-2021 13:52:03.462,1016,
28-10-2021 13:51:27.752,18151424,28-10-2021 13:52:03.462,1016,
28-10-2021 13:51:27.752,18151424,28-10-2021 13:52:03.462,1016,
28-10-2021 13:51:27.752,18151424,28-10-2021 13:52:03.462,1016,
28-10-2021 13:51:27.752,18151424,28-10-2021 13:52:03.462,1016,
28-10-2021 13:51:27.752,18151424,28-10-2021 13:52:03.462,1016,
28-10-2021 13:51:27.752,18151424,28-10-2021 13:52:03.462,1016,
28-10-2021 13:51:28.008,18153472,28-10-2021 13:52:03.474,1016,
28-10-2021 13:51:28.008,18153472,28-10-2021 13:52:03.474,1016,
28-10-2021 13:51:28.008,18153472,28-10-2021 13:52:03.474,1016,
28-10-2021 13:51:28.008,18153472,28-10-2021 13:52:03.474,1016,
28-10-2021 13:51:28.008,18153472,28-10-2021 13:52:03.474,1016,
28-10-2021 13:51:28.008,18153472,28-10-2021 13:52:03.474,1016,
28-10-2021 13:51:28.008,18153472,28-10-2021 13:52:03.474,1016,
28-10-2021 13:51:28.008,18153472,28-10-2021 13:52:03.474,1016,
28-10-2021 13:51:28.008,18153472,28-10-2021 13:52:03.474,1016,
28-10-2021 13:51:28.008,18153472,28-10-2021 13:52:03.474,1016,
28-10-2021 13:51:28.008,18153472,28-10-2021 13:52:03.474,1016,
28-10-2021 13:51:28.008,18153472,28-10-2021 13:52:03.474,1016,
28-10-2021 13:51:28.008,18153472,28-10-2021 13:52:03.474,1016,
28-10-2021 13:51:28.008,18153472,28-10-2021 13:52:03.474,1016,
28-10-2021 13:51:28.008,18153472,28-10-2021 13:52:03.474,1016,
28-10-2021 13:51:28.008,18153472,28-10-2021 13:52:03.474,1016,
28-10-2021 13:51:28.264,18155520,28-10-2021 13:52:03.476,1016,
28-10-2021 13:51:28.264,18155520,28-10-2021 13:52:03.476,1016,
28-10-2021 13:51:28.264,18155520,28-10-2021 13:52:03.476,1016,
28-10-2021 13:51:28.264,18155520,28-10-2021 13:52:03.476,1016,
28-10-2021 13:51:28.264,18155520,28-10-2021 13:52:03.476,1016,
28-10-2021 13:51:28.264,18155520,28-10-2021 13:52:03.476,1016,
28-10-2021 13:51:28.264,18155520,28-10-2021 13:52:03.476,1016,
28-10-2021 13:51:28.264,18155520,28-10-2021 13:52:03.476,1016,
28-10-2021 13:51:28.264,18155520,28-10-2021 13:52:03.476,1016,
28-10-2021 13:51:28.264,18155520,28-10-2021 13:52:03.476,1016,
28-10-2021 13:51:28.264,18155520,28-10-2021 13:52:03.476,1016,
28-10-2021 13:51:28.264,18155520,28-10-2021 13:52:03.476,1016,
28-10-2021 13:51:28.264,18155520,28-10-2021 13:52:03.476,1016,
28-10-2021 13:51:28.264,18155520,28-10-2021 13:52:03.476,1016,
28-10-2021 13:51:28.264,18155520,28-10-2021 13:52:03.476,1016,
28-10-2021 13:51:28.264,18155520,28-10-2021 13:52:03.476,1016,
28-10-2021 13:51:28.520,18157568,28-10-2021 13:52:04.475,1016,
28-10-2021 13:51:28.520,18157568,28-10-2021 13:52:04.475,1016,
28-10-2021 13:51:28.520,18157568,28-10-2021 13:52:04.475,1016,
28-10-2021 13:51:28.520,18157568,28-10-2021 13:52:04.475,1016,
28-10-2021 13:51:28.520,18157568,28-10-2021 13:52:04.475,1016,
28-10-2021 13:51:28.520,18157568,28-10-2021 13:52:04.475,1016,
28-10-2021 13:51:28.520,18157568,28-10-2021 13:52:04.475,1016,
28-10-2021 13:51:28.520,18157568,28-10-2021 13:52:04.475,1016,
28-10-2021 13:51:28.520,18157568,28-10-2021 13:52:04.475,1016,
28-10-2021 13:51:28.520,18157568,28-10-2021 13:52:04.475,1016,
28-10-2021 13:51:28.520,18157568,28-10-2021 13:52:04.475,1016,
28-10-2021 13:51:28.520,18157568,28-10-2021 13:52:04.475,1016,
28-10-2021 13:51:28.520,18157568,28-10-2021 13:52:04.475,1016,
28-10-2021 13:51:28.520,18157568,28-10-2021 13:52:04.475,1016,
28-10-2021 13:51:28.520,18157568,28-10-2021 13:52:04.475,1016,
28-10-2021 13:51:28.520,18157568,28-10-2021 13:52:04.475,1016,
28-10-2021 13:51:28.776,18159616,28-10-2021 13:52:04.480,1016,
28-10-2021 13:51:28.776,18159616,28-10-2021 13:52:04.480,1016,
28-10-2021 13:51:28.776,18159616,28-10-2021 13:52:04.480,1016,
28-10-2021 13:51:28.776,18159616,28-10-2021 13:52:04.480,1016,
28-10-2021 13:51:28.776,18159616,28-10-2021 13:52:04.480,1016,
28-10-2021 13:51:28.776,18159616,28-10-2021 13:52:04.480,1016,
28-10-2021 13:51:28.776,18159616,28-10-2021 13:52:04.480,1016,
28-10-2021 13:51:28.776,18159616,28-10-2021 13:52:04.480,1016,
28-10-2021 13:51:28.776,18159616,28-10-2021 13:52:04.480,1016,
28-10-2021 13:51:28.776,18159616,28-10-2021 13:52:04.480,1016,
28-10-2021 13:51:28.776,18159616,28-10-2021 13:52:04.480,1016,
28-10-2021 13:51:28.776,18159616,28-10-2021 13:52:04.480,1016,
28-10-2021 13:51:28.776,18159616,28-10-2021 13:52:04.480,1016,
28-10-2021 13:51:28.776,18159616,28-10-2021 13:52:04.480,1016,
28-10-2021 13:51:28.776,18159616,28-10-2021 13:52:04.480,1016,
28-10-2021 13:51:28.776,18159616,28-10-2021 13:52:04.480,1016,
28-10-2021 13:51:29.032,18161664,28-10-2021 13:52:04.482,1016,
28-10-2021 13:51:29.032,18161664,28-10-2021 13:52:04.482,1016,
28-10-2021 13:51:29.032,18161664,28-10-2021 13:52:04.482,1016,
28-10-2021 13:51:29.032,18161664,28-10-2021 13:52:04.482,1016,
28-10-2021 13:51:29.032,18161664,28-10-2021 13:52:04.482,1016,
28-10-2021 13:51:29.032,18161664,28-10-2021 13:52:04.482,1016,
28-10-2021 13:51:29.032,18161664,28-10-2021 13:52:04.482,1016,
28-10-2021 13:51:29.032,18161664,28-10-2021 13:52:04.482,1016,
28-10-2021 13:51:29.032,18161664,28-10-2021 13:52:04.482,1016,
28-10-2021 13:51:29.032,18161664,28-10-2021 13:52:04.482,1016,
28-10-2021 13:51:29.032,18161664,28-10-2021 13:52:04.482,1016,
28-10-2021 13:51:29.032,18161664,28-10-2021 13:52:04.482,1016,
28-10-2021 13:51:29.032,18161664,28-10-2021 13:52:04.482,1016,
28-10-2021 13:51:29.032,18161664,28-10-2021 13:52:04.482,1016,
28-10-2021 13:51:29.032,18161664,28-10-2021 13:52:04.482,1016,
28-10-2021 13:51:29.032,18161664,28-10-2021 13:52:04.482,1016,
28-10-2021 13:51:29.288,18163712,28-10-2021 13:52:04.485,1016,
28-10-2021 13:51:29.288,18163712,28-10-2021 13:52:04.485,1016,
28-10-2021 13:51:29.288,18163712,28-10-2021 13:52:04.485,1016,
28-10-2021 13:51:29.288,18163712,28-10-2021 13:52:04.485,1016,
28-10-2021 13:51:29.288,18163712,28-10-2021 13:52:04.485,1016,
28-10-2021 13:51:29.288,18163712,28-10-2021 13:52:04.485,1016,
28-10-2021 13:51:29.288,18163712,28-10-2021 13:52:04.485,1016,
28-10-2021 13:51:29.288,18163712,28-10-2021 13:52:04.485,1016,
28-10-2021 13:51:29.288,18163712,28-10-2021 13:52:04.485,1016,
28-10-2021 13:51:29.288,18163712,28-10-2021 13:52:04.485,1016,
28-10-2021 13:51:29.288,18163712,28-10-2021 13:52:04.485,1016,
28-10-2021 13:51:29.288,18163712,28-10-2021 13:52:04.485,1016,
28-10-2021 13:51:29.288,18163712,28-10-2021 13:52:04.485,1016,
28-10-2021 13:51:29.288,18163712,28-10-2021 13:52:04.485,1016,
28-10-2021 13:51:29.288,18163712,28-10-2021 13:52:04.485,1016,
28-10-2021 13:51:29.288,18163712,28-10-2021 13:52:04.485,1016,
28-10-2021 13:51:29.544,18165760,28-10-2021 13:52:05.505,1016,
28-10-2021 13:51:29.544,18165760,28-10-2021 13:52:05.505,1016,
28-10-2021 13:51:29.544,18165760,28-10-2021 13:52:05.505,1016,
28-10-2021 13:51:29.544,18165760,28-10-2021 13:52:05.505,1016,
28-10-2021 13:51:29.544,18165760,28-10-2021 13:52:05.505,1016,
28-10-2021 13:51:29.544,18165760,28-10-2021 13:52:05.505,1016,
28-10-2021 13:51:29.544,18165760,28-10-2021 13:52:05.505,1016,
28-10-2021 13:51:29.544,18165760,28-10-2021 13:52:05.505,1016,
28-10-2021 13:51:29.544,18165760,28-10-2021 13:52:05.505,1016,
28-10-2021 13:51:29.544,18165760,28-10-2021 13:52:05.505,1016,
28-10-2021 13:51:29.544,18165760,28-10-2021 13:52:05.505,1016,
28-10-2021 13:51:29.544,18165760,28-10-2021 13:52:05.505,1016,
28-10-2021 13:51:29.544,18165760,28-10-2021 13:52:05.505,1016,
28-10-2021 13:51:29.544,18165760,28-10-2021 13:52:05.505,1016,
28-10-2021 13:51:29.544,18165760,28-10-2021 13:52:05.505,1016,
28-10-2021 13:51:29.544,18165760,28-10-2021 13:52:05.505,1016,
28-10-2021 13:51:29.800,18167808,28-10-2021 13:52:05.507,1016,
28-10-2021 13:51:29.800,18167808,28-10-2021 13:52:05.507,1016,
28-10-2021 13:51:29.800,18167808,28-10-2021 13:52:05.507,1016,
28-10-2021 13:51:29.800,18167808,28-10-2021 13:52:05.507,1016,
28-10-2021 13:51:29.800,18167808,28-10-2021 13:52:05.507,1016,
28-10-2021 13:51:29.800,18167808,28-10-2021 13:52:05.507,1016,
28-10-2021 13:51:29.800,18167808,28-10-2021 13:52:05.507,1016,
28-10-2021 13:51:29.800,18167808,28-10-2021 13:52:05.507,1016,
28-10-2021 13:51:29.800,18167808,28-10-2021 13:52:05.507,1016,
28-10-2021 13:51:29.800,18167808,28-10-2021 13:52:05.507,1016,
28-10-2021 13:51:29.800,18167808,28-10-2021 13:52:05.507,1016,
28-10-2021 13:51:29.800,18167808,28-10-2021 13:52:05.507,1016,
28-10-2021 13:51:29.800,18167808,28-10-2021 13:52:05.507,1016,
28-10-2021 13:51:29.800,18167808,28-10-2021 13:52:05.507,1016,
28-10-2021 13:51:29.800,18167808,28-10-2021 13:52:05.507,1016,
28-10-2021 13:51:29.800,18167808,28-10-2021 13:52:05.507,1016,
28-10-2021 13:51:30.056,18169856,28-10-2021 13:52:05.509,1016,
28-10-2021 13:51:30.056,18169856,28-10-2021 13:52:05.509,1016,
28-10-2021 13:51:30.056,18169856,28-10-2021 13:52:05.509,1016,
28-10-2021 13:51:30.056,18169856,28-10-2021 13:52:05.509,1016,
28-10-2021 13:51:30.056,18169856,28-10-2021 13:52:05.509,1016,
28-10-2021 13:51:30.056,18169856,28-10-2021 13:52:05.509,1016,
28-10-2021 13:51:30.056,18169856,28-10-2021 13:52:05.509,1016,
28-10-2021 13:51:30.056,18169856,28-10-2021 13:52:05.509,1016,
28-10-2021 13:51:30.056,18169856,28-10-2021 13:52:05.509,1016,
28-10-2021 13:51:30.056,18169856,28-10-2021 13:52:05.509,1016,
28-10-2021 13:51:30.056,18169856,28-10-2021 13:52:05.509,1016,
28-10-2021 13:51:30.056,18169856,28-10-2021 13:52:05.509,1016,
28-10-2021 13:51:30.056,18169856,28-10-2021 13:52:05.509,1016,
28-10-2021 13:51:30.056,18169856,28-10-2021 13:52:05.509,1016,
28-10-2021 13:51:30.056,18169856,28-10-2021 13:52:05.509,1016,
28-10-2021 13:51:30.056,18169856,28-10-2021 13:52:05.509,1016,
28-10-2021 13:51:30.312,18171904,28-10-2021 13:52:05.512,1016,
28-10-2021 13:51:30.312,18171904,28-10-2021 13:52:05.512,1016,
28-10-2021 13:51:30.312,18171904,28-10-2021 13:52:05.512,1016,
28-10-2021 13:51:30.312,18171904,28-10-2021 13:52:05.512,1016,
28-10-2021 13:51:30.312,18171904,28-10-2021 13:52:05.512,1016,
28-10-2021 13:51:30.312,18171904,28-10-2021 13:52:05.512,1016,
28-10-2021 13:51:30.312,18171904,28-10-2021 13:52:05.512,1016,
28-10-2021 13:51:30.312,18171904,28-10-2021 13:52:05.512,1016,
28-10-2021 13:51:30.312,18171904,28-10-2021 13:52:05.512,1016,
28-10-2021 13:51:30.312,18171904,28-10-2021 13:52:05.512,1016,
28-10-2021 13:51:30.312,18171904,28-10-2021 13:52:05.512,1016,
28-10-2021 13:51:30.312,18171904,28-10-2021 13:52:05.512,1016,
28-10-2021 13:51:30.312,18171904,28-10-2021 13:52:05.512,1016,
28-10-2021 13:51:30.312,18171904,28-10-2021 13:52:05.512,1016,
28-10-2021 13:51:30.312,18171904,28-10-2021 13:52:05.512,1016,
28-10-2021 13:51:30.312,18171904,28-10-2021 13:52:05.512,1016,
28-10-2021 13:51:30.568,18173952,28-10-2021 13:52:06.538,1016,
28-10-2021 13:51:30.568,18173952,28-10-2021 13:52:06.538,1016,
28-10-2021 13:51:30.568,18173952,28-10-2021 13:52:06.538,1016,
28-10-2021 13:51:30.568,18173952,28-10-2021 13:52:06.538,1016,
28-10-2021 13:51:30.568,18173952,28-10-2021 13:52:06.538,1016,
28-10-2021 13:51:30.568,18173952,28-10-2021 13:52:06.538,1016,
28-10-2021 13:51:30.568,18173952,28-10-2021 13:52:06.538,1016,
28-10-2021 13:51:30.568,18173952,28-10-2021 13:52:06.538,1016,
28-10-2021 13:51:30.568,18173952,28-10-2021 13:52:06.538,1016,
28-10-2021 13:51:30.568,18173952,28-10-2021 13:52:06.538,1016,
28-10-2021 13:51:30.568,18173952,28-10-2021 13:52:06.538,1016,
28-10-2021 13:51:30.568,18173952,28-10-2021 13:52:06.538,1016,
28-10-2021 13:51:30.568,18173952,28-10-2021 13:52:06.538,1016,
28-10-2021 13:51:30.568,18173952,28-10-2021 13:52:06.538,1016,
28-10-2021 13:51:30.568,18173952,28-10-2021 13:52:06.538,1016,
28-10-2021 13:51:30.568,18173952,28-10-2021 13:52:06.538,1016,
28-10-2021 13:51:30.824,18176000,28-10-2021 13:52:06.540,1016,
28-10-2021 13:51:30.824,18176000,28-10-2021 13:52:06.540,1016,
28-10-2021 13:51:30.824,18176000,28-10-2021 13:52:06.540,1016,
28-10-2021 13:51:30.824,18176000,28-10-2021 13:52:06.540,1016,
28-10-2021 13:51:30.824,18176000,28-10-2021 13:52:06.540,1016,
28-10-2021 13:51:30.824,18176000,28-10-2021 13:52:06.540,1016,
28-10-2021 13:51:30.824,18176000,28-10-2021 13:52:06.540,1016,
28-10-2021 13:51:30.824,18176000,28-10-2021 13:52:06.540,1016,
28-10-2021 13:51:30.824,18176000,28-10-2021 13:52:06.540,1016,
28-10-2021 13:51:30.824,18176000,28-10-2021 13:52:06.540,1016,
28-10-2021 13:51:30.824,18176000,28-10-2021 13:52:06.540,1016,
28-10-2021 13:51:30.824,18176000,28-10-2021 13:52:06.540,1016,
28-10-2021 13:51:30.824,18176000,28-10-2021 13:52:06.540,1016,
28-10-2021 13:51:30.824,18176000,28-10-2021 13:52:06.540,1016,
28-10-2021 13:51:30.824,18176000,28-10-2021 13:52:06.540,1016,
28-10-2021 13:51:30.824,18176000,28-10-2021 13:52:06.540,1016,
28-10-2021 13:51:31.080,18178048,28-10-2021 13:52:06.542,1016,
28-10-2021 13:51:31.080,18178048,28-10-2021 13:52:06.542,1016,
28-10-2021 13:51:31.080,18178048,28-10-2021 13:52:06.542,1016,
28-10-2021 13:51:31.080,18178048,28-10-2021 13:52:06.542,1016,
28-10-2021 13:51:31.080,18178048,28-10-2021 13:52:06.542,1016,
28-10-2021 13:51:31.080,18178048,28-10-2021 13:52:06.542,1016,
28-10-2021 13:51:31.080,18178048,28-10-2021 13:52:06.542,1016,
28-10-2021 13:51:31.080,18178048,28-10-2021 13:52:06.542,1016,
28-10-2021 13:51:31.080,18178048,28-10-2021 13:52:06.542,1016,
28-10-2021 13:51:31.080,18178048,28-10-2021 13:52:06.542,1016,
28-10-2021 13:51:31.080,18178048,28-10-2021 13:52:06.542,1016,
28-10-2021 13:51:31.080,18178048,28-10-2021 13:52:06.542,1016,
28-10-2021 13:51:31.080,18178048,28-10-2021 13:52:06.542,1016,
28-10-2021 13:51:31.080,18178048,28-10-2021 13:52:06.542,1016,
28-10-2021 13:51:31.080,18178048,28-10-2021 13:52:06.542,1016,
28-10-2021 13:51:31.080,18178048,28-10-2021 13:52:06.542,1016,
28-10-2021 13:51:31.336,18180096,28-10-2021 13:52:06.546,1016,
28-10-2021 13:51:31.336,18180096,28-10-2021 13:52:06.546,1016,
28-10-2021 13:51:31.336,18180096,28-10-2021 13:52:06.546,1016,
28-10-2021 13:51:31.336,18180096,28-10-2021 13:52:06.546,1016,
28-10-2021 13:51:31.336,18180096,28-10-2021 13:52:06.546,1016,
28-10-2021 13:51:31.336,18180096,28-10-2021 13:52:06.546,1016,
28-10-2021 13:51:31.336,18180096,28-10-2021 13:52:06.546,1016,
28-10-2021 13:51:31.336,18180096,28-10-2021 13:52:06.546,1016,
28-10-2021 13:51:31.336,18180096,28-10-2021 13:52:06.546,1016,
28-10-2021 13:51:31.336,18180096,28-10-2021 13:52:06.546,1016,
28-10-2021 13:51:31.336,18180096,28-10-2021 13:52:06.546,1016,
28-10-2021 13:51:31.336,18180096,28-10-2021 13:52:06.546,1016,
28-10-2021 13:51:31.336,18180096,28-10-2021 13:52:06.546,1016,
28-10-2021 13:51:31.336,18180096,28-10-2021 13:52:06.546,1016,
28-10-2021 13:51:31.336,18180096,28-10-2021 13:52:06.546,1016,
28-10-2021 13:51:31.336,18180096,28-10-2021 13:52:06.546,1016,
28-10-2021 13:51:31.592,18182144,28-10-2021 13:52:07.543,1016,
28-10-2021 13:51:31.592,18182144,28-10-2021 13:52:07.543,1016,
28-10-2021 13:51:31.592,18182144,28-10-2021 13:52:07.543,1016,
28-10-2021 13:51:31.592,18182144,28-10-2021 13:52:07.543,1016,
28-10-2021 13:51:31.592,18182144,28-10-2021 13:52:07.543,1016,
28-10-2021 13:51:31.592,18182144,28-10-2021 13:52:07.543,1016,
28-10-2021 13:51:31.592,18182144,28-10-2021 13:52:07.543,1016,
28-10-2021 13:51:31.592,18182144,28-10-2021 13:52:07.543,1016,
28-10-2021 13:51:31.592,18182144,28-10-2021 13:52:07.543,1016,
28-10-2021 13:51:31.592,18182144,28-10-2021 13:52:07.543,1016,
28-10-2021 13:51:31.592,18182144,28-10-2021 13:52:07.543,1016,
28-10-2021 13:51:31.592,18182144,28-10-2021 13:52:07.543,1016,
28-10-2021 13:51:31.592,18182144,28-10-2021 13:52:07.543,1016,
28-10-2021 13:51:31.592,18182144,28-10-2021 13:52:07.543,1016,
28-10-2021 13:51:31.592,18182144,28-10-2021 13:52:07.543,1016,
28-10-2021 13:51:31.592,18182144,28-10-2021 13:52:07.543,1016,
28-10-2021 13:51:31.848,18184192,28-10-2021 13:52:07.544,1016,
28-10-2021 13:51:31.848,18184192,28-10-2021 13:52:07.544,1016,
28-10-2021 13:51:31.848,18184192,28-10-2021 13:52:07.544,1016,
28-10-2021 13:51:31.848,18184192,28-10-2021 13:52:07.544,1016,
28-10-2021 13:51:31.848,18184192,28-10-2021 13:52:07.544,1016,
28-10-2021 13:51:31.848,18184192,28-10-2021 13:52:07.544,1016,
28-10-2021 13:51:31.848,18184192,28-10-2021 13:52:07.544,1016,
28-10-2021 13:51:31.848,18184192,28-10-2021 13:52:07.544,1016,
28-10-2021 13:51:31.848,18184192,28-10-2021 13:52:07.544,1016,
28-10-2021 13:51:31.848,18184192,28-10-2021 13:52:07.544,1016,
28-10-2021 13:51:31.848,18184192,28-10-2021 13:52:07.544,1016,
28-10-2021 13:51:31.848,18184192,28-10-2021 13:52:07.544,1016,
28-10-2021 13:51:31.848,18184192,28-10-2021 13:52:07.544,1016,
28-10-2021 13:51:31.848,18184192,28-10-2021 13:52:07.544,1016,
28-10-2021 13:51:31.848,18184192,28-10-2021 13:52:07.544,1016,
28-10-2021 13:51:31.848,18184192,28-10-2021 13:52:07.544,1016,
28-10-2021 13:51:32.104,18186240,28-10-2021 13:52:07.546,1016,
28-10-2021 13:51:32.104,18186240,28-10-2021 13:52:07.546,1016,
28-10-2021 13:51:32.104,18186240,28-10-2021 13:52:07.546,1016,
28-10-2021 13:51:32.104,18186240,28-10-2021 13:52:07.546,1016,
28-10-2021 13:51:32.104,18186240,28-10-2021 13:52:07.546,1016,
28-10-2021 13:51:32.104,18186240,28-10-2021 13:52:07.546,1016,
28-10-2021 13:51:32.104,18186240,28-10-2021 13:52:07.546,1016,
28-10-2021 13:51:32.104,18186240,28-10-2021 13:52:07.546,1016,
28-10-2021 13:51:32.104,18186240,28-10-2021 13:52:07.546,1016,
28-10-2021 13:51:32.104,18186240,28-10-2021 13:52:07.546,1016,
28-10-2021 13:51:32.104,18186240,28-10-2021 13:52:07.546,1016,
28-10-2021 13:51:32.104,18186240,28-10-2021 13:52:07.546,1016,
28-10-2021 13:51:32.104,18186240,28-10-2021 13:52:07.546,1016,
28-10-2021 13:51:32.104,18186240,28-10-2021 13:52:07.546,1016,
28-10-2021 13:51:32.104,18186240,28-10-2021 13:52:07.546,1016,
28-10-2021 13:51:32.104,18186240,28-10-2021 13:52:07.546,1016,
28-10-2021 13:51:32.360,18188288,28-10-2021 13:52:07.548,1016,
28-10-2021 13:51:32.360,18188288,28-10-2021 13:52:07.548,1016,
28-10-2021 13:51:32.360,18188288,28-10-2021 13:52:07.548,1016,
28-10-2021 13:51:32.360,18188288,28-10-2021 13:52:07.548,1016,
28-10-2021 13:51:32.360,18188288,28-10-2021 13:52:07.548,1016,
28-10-2021 13:51:32.360,18188288,28-10-2021 13:52:07.548,1016,
28-10-2021 13:51:32.360,18188288,28-10-2021 13:52:07.548,1016,
28-10-2021 13:51:32.360,18188288,28-10-2021 13:52:07.548,1016,
28-10-2021 13:51:32.360,18188288,28-10-2021 13:52:07.548,1016,
28-10-2021 13:51:32.360,18188288,28-10-2021 13:52:07.548,1016,
28-10-2021 13:51:32.360,18188288,28-10-2021 13:52:07.548,1016,
28-10-2021 13:51:32.360,18188288,28-10-2021 13:52:07.548,1016,
28-10-2021 13:51:32.360,18188288,28-10-2021 13:52:07.548,1016,
28-10-2021 13:51:32.360,18188288,28-10-2021 13:52:07.548,1016,
28-10-2021 13:51:32.360,18188288,28-10-2021 13:52:07.548,1016,
28-10-2021 13:51:32.360,18188288,28-10-2021 13:52:07.548,1016,
28-10-2021 13:51:32.616,18190336,28-10-2021 13:52:08.578,1016,
28-10-2021 13:51:32.616,18190336,28-10-2021 13:52:08.578,1016,
28-10-2021 13:51:32.616,18190336,28-10-2021 13:52:08.578,1016,
28-10-2021 13:51:32.616,18190336,28-10-2021 13:52:08.578,1016,
28-10-2021 13:51:32.616,18190336,28-10-2021 13:52:08.578,1016,
28-10-2021 13:51:32.616,18190336,28-10-2021 13:52:08.578,1016,
28-10-2021 13:51:32.616,18190336,28-10-2021 13:52:08.578,1016,
28-10-2021 13:51:32.616,18190336,28-10-2021 13:52:08.578,1016,
28-10-2021 13:51:32.616,18190336,28-10-2021 13:52:08.578,1016,
28-10-2021 13:51:32.616,18190336,28-10-2021 13:52:08.578,1016,
28-10-2021 13:51:32.616,18190336,28-10-2021 13:52:08.578,1016,
28-10-2021 13:51:32.616,18190336,28-10-2021 13:52:08.578,1016,
28-10-2021 13:51:32.616,18190336,28-10-2021 13:52:08.578,1016,
28-10-2021 13:51:32.616,18190336,28-10-2021 13:52:08.578,1016,
28-10-2021 13:51:32.616,18190336,28-10-2021 13:52:08.578,1016,
28-10-2021 13:51:32.616,18190336,28-10-2021 13:52:08.578,1016,
28-10-2021 13:51:32.872,18192384,28-10-2021 13:52:08.580,1016,
28-10-2021 13:51:32.872,18192384,28-10-2021 13:52:08.580,1016,
28-10-2021 13:51:32.872,18192384,28-10-2021 13:52:08.580,1016,
28-10-2021 13:51:32.872,18192384,28-10-2021 13:52:08.580,1016,
28-10-2021 13:51:32.872,18192384,28-10-2021 13:52:08.580,1016,
28-10-2021 13:51:32.872,18192384,28-10-2021 13:52:08.580,1016,
28-10-2021 13:51:32.872,18192384,28-10-2021 13:52:08.580,1016,
28-10-2021 13:51:32.872,18192384,28-10-2021 13:52:08.580,1016,
28-10-2021 13:51:32.872,18192384,28-10-2021 13:52:08.580,1016,
28-10-2021 13:51:32.872,18192384,28-10-2021 13:52:08.580,1016,
28-10-2021 13:51:32.872,18192384,28-10-2021 13:52:08.580,1016,
28-10-2021 13:51:32.872,18192384,28-10-2021 13:52:08.580,1016,
28-10-2021 13:51:32.872,18192384,28-10-2021 13:52:08.580,1016,
28-10-2021 13:51:32.872,18192384,28-10-2021 13:52:08.580,1016,
28-10-2021 13:51:32.872,18192384,28-10-2021 13:52:08.580,1016,
28-10-2021 13:51:32.872,18192384,28-10-2021 13:52:08.580,1016,
28-10-2021 13:51:33.128,18194432,28-10-2021 13:52:08.582,1016,
28-10-2021 13:51:33.128,18194432,28-10-2021 13:52:08.582,1016,
28-10-2021 13:51:33.128,18194432,28-10-2021 13:52:08.582,1016,
28-10-2021 13:51:33.128,18194432,28-10-2021 13:52:08.582,1016,
28-10-2021 13:51:33.128,18194432,28-10-2021 13:52:08.582,1016,
28-10-2021 13:51:33.128,18194432,28-10-2021 13:52:08.582,1016,
28-10-2021 13:51:33.128,18194432,28-10-2021 13:52:08.582,1016,
28-10-2021 13:51:33.128,18194432,28-10-2021 13:52:08.582,1016,
28-10-2021 13:51:33.128,18194432,28-10-2021 13:52:08.582,1016,
28-10-2021 13:51:33.128,18194432,28-10-2021 13:52:08.582,1016,
28-10-2021 13:51:33.128,18194432,28-10-2021 13:52:08.582,1016,
28-10-2021 13:51:33.128,18194432,28-10-2021 13:52:08.582,1016,
28-10-2021 13:51:33.128,18194432,28-10-2021 13:52:08.582,1016,
28-10-2021 13:51:33.128,18194432,28-10-2021 13:52:08.582,1016,
28-10-2021 13:51:33.128,18194432,28-10-2021 13:52:08.582,1016,
28-10-2021 13:51:33.128,18194432,28-10-2021 13:52:08.582,1016,
28-10-2021 13:51:33.384,18196480,28-10-2021 13:52:08.585,1016,
28-10-2021 13:51:33.384,18196480,28-10-2021 13:52:08.585,1016,
28-10-2021 13:51:33.384,18196480,28-10-2021 13:52:08.585,1016,
28-10-2021 13:51:33.384,18196480,28-10-2021 13:52:08.585,1016,
28-10-2021 13:51:33.384,18196480,28-10-2021 13:52:08.585,1016,
28-10-2021 13:51:33.384,18196480,28-10-2021 13:52:08.585,1016,
28-10-2021 13:51:33.384,18196480,28-10-2021 13:52:08.585,1016,
28-10-2021 13:51:33.384,18196480,28-10-2021 13:52:08.585,1016,
28-10-2021 13:51:33.384,18196480,28-10-2021 13:52:08.585,1016,
28-10-2021 13:51:33.384,18196480,28-10-2021 13:52:08.585,1016,
28-10-2021 13:51:33.384,18196480,28-10-2021 13:52:08.585,1016,
28-10-2021 13:51:33.384,18196480,28-10-2021 13:52:08.585,1016,
28-10-2021 13:51:33.384,18196480,28-10-2021 13:52:08.585,1016,
28-10-2021 13:51:33.384,18196480,28-10-2021 13:52:08.585,1016,
28-10-2021 13:51:33.384,18196480,28-10-2021 13:52:08.585,1016,
28-10-2021 13:51:33.384,18196480,28-10-2021 13:52:08.585,1016,
28-10-2021 13:51:33.640,18198528,28-10-2021 13:52:09.606,1016,
28-10-2021 13:51:33.640,18198528,28-10-2021 13:52:09.606,1016,
28-10-2021 13:51:33.640,18198528,28-10-2021 13:52:09.606,1016,
28-10-2021 13:51:33.640,18198528,28-10-2021 13:52:09.606,1016,
28-10-2021 13:51:33.640,18198528,28-10-2021 13:52:09.606,1016,
28-10-2021 13:51:33.640,18198528,28-10-2021 13:52:09.606,1016,
28-10-2021 13:51:33.640,18198528,28-10-2021 13:52:09.606,1016,
28-10-2021 13:51:33.640,18198528,28-10-2021 13:52:09.606,1016,
28-10-2021 13:51:33.640,18198528,28-10-2021 13:52:09.606,1016,
28-10-2021 13:51:33.640,18198528,28-10-2021 13:52:09.606,1016,
28-10-2021 13:51:33.640,18198528,28-10-2021 13:52:09.606,1016,
28-10-2021 13:51:33.640,18198528,28-10-2021 13:52:09.606,1016,
28-10-2021 13:51:33.640,18198528,28-10-2021 13:52:09.606,1016,
28-10-2021 13:51:33.640,18198528,28-10-2021 13:52:09.606,1016,
28-10-2021 13:51:33.640,18198528,28-10-2021 13:52:09.606,1016,
28-10-2021 13:51:33.640,18198528,28-10-2021 13:52:09.606,1016,
28-10-2021 13:51:33.896,18200576,28-10-2021 13:52:09.609,1016,
28-10-2021 13:51:33.896,18200576,28-10-2021 13:52:09.609,1016,
28-10-2021 13:51:33.896,18200576,28-10-2021 13:52:09.609,1016,
28-10-2021 13:51:33.896,18200576,28-10-2021 13:52:09.609,1016,
28-10-2021 13:51:33.896,18200576,28-10-2021 13:52:09.609,1016,
28-10-2021 13:51:33.896,18200576,28-10-2021 13:52:09.609,1016,
28-10-2021 13:51:33.896,18200576,28-10-2021 13:52:09.609,1016,
28-10-2021 13:51:33.896,18200576,28-10-2021 13:52:09.609,1016,
28-10-2021 13:51:33.896,18200576,28-10-2021 13:52:09.609,1016,
28-10-2021 13:51:33.896,18200576,28-10-2021 13:52:09.609,1016,
28-10-2021 13:51:33.896,18200576,28-10-2021 13:52:09.609,1016,
28-10-2021 13:51:33.896,18200576,28-10-2021 13:52:09.609,1016,
28-10-2021 13:51:33.896,18200576,28-10-2021 13:52:09.609,1016,
28-10-2021 13:51:33.896,18200576,28-10-2021 13:52:09.609,1016,
28-10-2021 13:51:33.896,18200576,28-10-2021 13:52:09.609,1016,
28-10-2021 13:51:33.896,18200576,28-10-2021 13:52:09.609,1016,
28-10-2021 13:51:34.152,18202624,28-10-2021 13:52:09.612,1016,
28-10-2021 13:51:34.152,18202624,28-10-2021 13:52:09.612,1016,
28-10-2021 13:51:34.152,18202624,28-10-2021 13:52:09.612,1016,
28-10-2021 13:51:34.152,18202624,28-10-2021 13:52:09.612,1016,
28-10-2021 13:51:34.152,18202624,28-10-2021 13:52:09.612,1016,
28-10-2021 13:51:34.152,18202624,28-10-2021 13:52:09.612,1016,
28-10-2021 13:51:34.152,18202624,28-10-2021 13:52:09.612,1016,
28-10-2021 13:51:34.152,18202624,28-10-2021 13:52:09.612,1016,
28-10-2021 13:51:34.152,18202624,28-10-2021 13:52:09.612,1016,
28-10-2021 13:51:34.152,18202624,28-10-2021 13:52:09.612,1016,
28-10-2021 13:51:34.152,18202624,28-10-2021 13:52:09.612,1016,
28-10-2021 13:51:34.152,18202624,28-10-2021 13:52:09.612,1016,
28-10-2021 13:51:34.152,18202624,28-10-2021 13:52:09.612,1016,
28-10-2021 13:51:34.152,18202624,28-10-2021 13:52:09.612,1016,
28-10-2021 13:51:34.152,18202624,28-10-2021 13:52:09.612,1016,
28-10-2021 13:51:34.152,18202624,28-10-2021 13:52:09.612,1016,
28-10-2021 13:51:34.408,18204672,28-10-2021 13:52:09.617,1016,
28-10-2021 13:51:34.408,18204672,28-10-2021 13:52:09.617,1016,
28-10-2021 13:51:34.408,18204672,28-10-2021 13:52:09.617,1016,
28-10-2021 13:51:34.408,18204672,28-10-2021 13:52:09.617,1016,
28-10-2021 13:51:34.408,18204672,28-10-2021 13:52:09.617,1016,
28-10-2021 13:51:34.408,18204672,28-10-2021 13:52:09.617,1016,
28-10-2021 13:51:34.408,18204672,28-10-2021 13:52:09.617,1016,
28-10-2021 13:51:34.408,18204672,28-10-2021 13:52:09.617,1016,
28-10-2021 13:51:34.408,18204672,28-10-2021 13:52:09.617,1016,
28-10-2021 13:51:34.408,18204672,28-10-2021 13:52:09.617,1016,
28-10-2021 13:51:34.408,18204672,28-10-2021 13:52:09.617,1016,
28-10-2021 13:51:34.408,18204672,28-10-2021 13:52:09.617,1016,
28-10-2021 13:51:34.408,18204672,28-10-2021 13:52:09.617,1016,
28-10-2021 13:51:34.408,18204672,28-10-2021 13:52:09.617,1016,
28-10-2021 13:51:34.408,18204672,28-10-2021 13:52:09.617,1016,
28-10-2021 13:51:34.408,18204672,28-10-2021 13:52:09.617,1016,
28-10-2021 13:51:34.664,18206720,28-10-2021 13:52:10.629,1016,
28-10-2021 13:51:34.664,18206720,28-10-2021 13:52:10.629,1016,
28-10-2021 13:51:34.664,18206720,28-10-2021 13:52:10.629,1016,
28-10-2021 13:51:34.664,18206720,28-10-2021 13:52:10.629,1016,
28-10-2021 13:51:34.664,18206720,28-10-2021 13:52:10.629,1016,
28-10-2021 13:51:34.664,18206720,28-10-2021 13:52:10.629,1016,
28-10-2021 13:51:34.664,18206720,28-10-2021 13:52:10.629,1016,
28-10-2021 13:51:34.664,18206720,28-10-2021 13:52:10.629,1016,
28-10-2021 13:51:34.664,18206720,28-10-2021 13:52:10.629,1016,
28-10-2021 13:51:34.664,18206720,28-10-2021 13:52:10.629,1016,
28-10-2021 13:51:34.664,18206720,28-10-2021 13:52:10.629,1016,
28-10-2021 13:51:34.664,18206720,28-10-2021 13:52:10.629,1016,
28-10-2021 13:51:34.664,18206720,28-10-2021 13:52:10.629,1016,
28-10-2021 13:51:34.664,18206720,28-10-2021 13:52:10.629,1016,
28-10-2021 13:51:34.664,18206720,28-10-2021 13:52:10.629,1016,
28-10-2021 13:51:34.664,18206720,28-10-2021 13:52:10.629,1016,
28-10-2021 13:51:34.920,18208768,28-10-2021 13:52:10.634,1016,
28-10-2021 13:51:34.920,18208768,28-10-2021 13:52:10.634,1016,
28-10-2021 13:51:34.920,18208768,28-10-2021 13:52:10.634,1016,
28-10-2021 13:51:34.920,18208768,28-10-2021 13:52:10.634,1016,
28-10-2021 13:51:34.920,18208768,28-10-2021 13:52:10.634,1016,
28-10-2021 13:51:34.920,18208768,28-10-2021 13:52:10.634,1016,
28-10-2021 13:51:34.920,18208768,28-10-2021 13:52:10.634,1016,
28-10-2021 13:51:34.920,18208768,28-10-2021 13:52:10.634,1016,
28-10-2021 13:51:34.920,18208768,28-10-2021 13:52:10.634,1016,
28-10-2021 13:51:34.920,18208768,28-10-2021 13:52:10.634,1016,
28-10-2021 13:51:34.920,18208768,28-10-2021 13:52:10.634,1016,
28-10-2021 13:51:34.920,18208768,28-10-2021 13:52:10.634,1016,
28-10-2021 13:51:34.920,18208768,28-10-2021 13:52:10.634,1016,
28-10-2021 13:51:34.920,18208768,28-10-2021 13:52:10.634,1016,
28-10-2021 13:51:34.920,18208768,28-10-2021 13:52:10.634,1016,
28-10-2021 13:51:34.920,18208768,28-10-2021 13:52:10.634,1016,
28-10-2021 13:51:35.176,18210816,28-10-2021 13:52:10.638,1016,
28-10-2021 13:51:35.176,18210816,28-10-2021 13:52:10.638,1016,
28-10-2021 13:51:35.176,18210816,28-10-2021 13:52:10.638,1016,
28-10-2021 13:51:35.176,18210816,28-10-2021 13:52:10.638,1016,
28-10-2021 13:51:35.176,18210816,28-10-2021 13:52:10.638,1016,
28-10-2021 13:51:35.176,18210816,28-10-2021 13:52:10.638,1016,
28-10-2021 13:51:35.176,18210816,28-10-2021 13:52:10.638,1016,
28-10-2021 13:51:35.176,18210816,28-10-2021 13:52:10.638,1016,
28-10-2021 13:51:35.176,18210816,28-10-2021 13:52:10.638,1016,
28-10-2021 13:51:35.176,18210816,28-10-2021 13:52:10.638,1016,
28-10-2021 13:51:35.176,18210816,28-10-2021 13:52:10.638,1016,
28-10-2021 13:51:35.176,18210816,28-10-2021 13:52:10.638,1016,
28-10-2021 13:51:35.176,18210816,28-10-2021 13:52:10.638,1016,
28-10-2021 13:51:35.176,18210816,28-10-2021 13:52:10.638,1016,
28-10-2021 13:51:35.176,18210816,28-10-2021 13:52:10.638,1016,
28-10-2021 13:51:35.176,18210816,28-10-2021 13:52:10.638,1016,
28-10-2021 13:51:35.432,18212864,28-10-2021 13:52:10.641,1016,
28-10-2021 13:51:35.432,18212864,28-10-2021 13:52:10.641,1016,
28-10-2021 13:51:35.432,18212864,28-10-2021 13:52:10.641,1016,
28-10-2021 13:51:35.432,18212864,28-10-2021 13:52:10.641,1016,
28-10-2021 13:51:35.432,18212864,28-10-2021 13:52:10.641,1016,
28-10-2021 13:51:35.432,18212864,28-10-2021 13:52:10.641,1016,
28-10-2021 13:51:35.432,18212864,28-10-2021 13:52:10.641,1016,
28-10-2021 13:51:35.432,18212864,28-10-2021 13:52:10.641,1016,
28-10-2021 13:51:35.432,18212864,28-10-2021 13:52:10.641,1016,
28-10-2021 13:51:35.432,18212864,28-10-2021 13:52:10.641,1016,
28-10-2021 13:51:35.432,18212864,28-10-2021 13:52:10.641,1016,
28-10-2021 13:51:35.432,18212864,28-10-2021 13:52:10.641,1016,
28-10-2021 13:51:35.432,18212864,28-10-2021 13:52:10.641,1016,
28-10-2021 13:51:35.432,18212864,28-10-2021 13:52:10.641,1016,
28-10-2021 13:51:35.432,18212864,28-10-2021 13:52:10.641,1016,
28-10-2021 13:51:35.432,18212864,28-10-2021 13:52:10.641,1016,
28-10-2021 13:51:35.688,18214912,28-10-2021 13:52:11.668,1016,
28-10-2021 13:51:35.688,18214912,28-10-2021 13:52:11.668,1016,
28-10-2021 13:51:35.688,18214912,28-10-2021 13:52:11.668,1016,
28-10-2021 13:51:35.688,18214912,28-10-2021 13:52:11.668,1016,
28-10-2021 13:51:35.688,18214912,28-10-2021 13:52:11.668,1016,
28-10-2021 13:51:35.688,18214912,28-10-2021 13:52:11.668,1016,
28-10-2021 13:51:35.688,18214912,28-10-2021 13:52:11.668,1016,
28-10-2021 13:51:35.688,18214912,28-10-2021 13:52:11.668,1016,
28-10-2021 13:51:35.688,18214912,28-10-2021 13:52:11.668,1016,
28-10-2021 13:51:35.688,18214912,28-10-2021 13:52:11.668,1016,
28-10-2021 13:51:35.688,18214912,28-10-2021 13:52:11.668,1016,
28-10-2021 13:51:35.688,18214912,28-10-2021 13:52:11.668,1016,
28-10-2021 13:51:35.688,18214912,28-10-2021 13:52:11.668,1016,
28-10-2021 13:51:35.688,18214912,28-10-2021 13:52:11.668,1016,
28-10-2021 13:51:35.688,18214912,28-10-2021 13:52:11.668,1016,
28-10-2021 13:51:35.688,18214912,28-10-2021 13:52:11.668,1016,
28-10-2021 13:51:35.944,18216960,28-10-2021 13:52:11.671,1016,
28-10-2021 13:51:35.944,18216960,28-10-2021 13:52:11.671,1016,
28-10-2021 13:51:35.944,18216960,28-10-2021 13:52:11.671,1016,
28-10-2021 13:51:35.944,18216960,28-10-2021 13:52:11.671,1016,
28-10-2021 13:51:35.944,18216960,28-10-2021 13:52:11.671,1016,
28-10-2021 13:51:35.944,18216960,28-10-2021 13:52:11.671,1016,
28-10-2021 13:51:35.944,18216960,28-10-2021 13:52:11.671,1016,
28-10-2021 13:51:35.944,18216960,28-10-2021 13:52:11.671,1016,
28-10-2021 13:51:35.944,18216960,28-10-2021 13:52:11.671,1016,
28-10-2021 13:51:35.944,18216960,28-10-2021 13:52:11.671,1016,
28-10-2021 13:51:35.944,18216960,28-10-2021 13:52:11.671,1016,
28-10-2021 13:51:35.944,18216960,28-10-2021 13:52:11.671,1016,
28-10-2021 13:51:35.944,18216960,28-10-2021 13:52:11.671,1016,
28-10-2021 13:51:35.944,18216960,28-10-2021 13:52:11.671,1016,
28-10-2021 13:51:35.944,18216960,28-10-2021 13:52:11.671,1016,
28-10-2021 13:51:35.944,18216960,28-10-2021 13:52:11.671,1016,
28-10-2021 13:51:36.200,18219008,28-10-2021 13:52:11.673,1016,
28-10-2021 13:51:36.200,18219008,28-10-2021 13:52:11.673,1016,
28-10-2021 13:51:36.200,18219008,28-10-2021 13:52:11.673,1016,
28-10-2021 13:51:36.200,18219008,28-10-2021 13:52:11.673,1016,
28-10-2021 13:51:36.200,18219008,28-10-2021 13:52:11.673,1016,
28-10-2021 13:51:36.200,18219008,28-10-2021 13:52:11.673,1016,
28-10-2021 13:51:36.200,18219008,28-10-2021 13:52:11.673,1016,
28-10-2021 13:51:36.200,18219008,28-10-2021 13:52:11.673,1016,
28-10-2021 13:51:36.200,18219008,28-10-2021 13:52:11.673,1016,
28-10-2021 13:51:36.200,18219008,28-10-2021 13:52:11.673,1016,
28-10-2021 13:51:36.200,18219008,28-10-2021 13:52:11.673,1016,
28-10-2021 13:51:36.200,18219008,28-10-2021 13:52:11.673,1016,
28-10-2021 13:51:36.200,18219008,28-10-2021 13:52:11.673,1016,
28-10-2021 13:51:36.200,18219008,28-10-2021 13:52:11.673,1016,
28-10-2021 13:51:36.200,18219008,28-10-2021 13:52:11.673,1016,
28-10-2021 13:51:36.200,18219008,28-10-2021 13:52:11.673,1016,
28-10-2021 13:51:36.456,18221056,28-10-2021 13:52:11.678,1016,
28-10-2021 13:51:36.456,18221056,28-10-2021 13:52:11.678,1016,
28-10-2021 13:51:36.456,18221056,28-10-2021 13:52:11.678,1016,
28-10-2021 13:51:36.456,18221056,28-10-2021 13:52:11.678,1016,
28-10-2021 13:51:36.456,18221056,28-10-2021 13:52:11.678,1016,
28-10-2021 13:51:36.456,18221056,28-10-2021 13:52:11.678,1016,
28-10-2021 13:51:36.456,18221056,28-10-2021 13:52:11.678,1016,
28-10-2021 13:51:36.456,18221056,28-10-2021 13:52:11.678,1016,
28-10-2021 13:51:36.456,18221056,28-10-2021 13:52:11.678,1016,
28-10-2021 13:51:36.456,18221056,28-10-2021 13:52:11.678,1016,
28-10-2021 13:51:36.456,18221056,28-10-2021 13:52:11.678,1016,
28-10-2021 13:51:36.456,18221056,28-10-2021 13:52:11.678,1016,
28-10-2021 13:51:36.456,18221056,28-10-2021 13:52:11.678,1016,
28-10-2021 13:51:36.456,18221056,28-10-2021 13:52:11.678,1016,
28-10-2021 13:51:36.456,18221056,28-10-2021 13:52:11.678,1016,
28-10-2021 13:51:36.456,18221056,28-10-2021 13:52:11.678,1016,
28-10-2021 13:51:36.712,18223104,28-10-2021 13:52:12.679,1016,
28-10-2021 13:51:36.712,18223104,28-10-2021 13:52:12.679,1016,
28-10-2021 13:51:36.712,18223104,28-10-2021 13:52:12.679,1016,
28-10-2021 13:51:36.712,18223104,28-10-2021 13:52:12.679,1016,
28-10-2021 13:51:36.712,18223104,28-10-2021 13:52:12.679,1016,
28-10-2021 13:51:36.712,18223104,28-10-2021 13:52:12.679,1016,
28-10-2021 13:51:36.712,18223104,28-10-2021 13:52:12.679,1016,
28-10-2021 13:51:36.712,18223104,28-10-2021 13:52:12.679,1016,
28-10-2021 13:51:36.712,18223104,28-10-2021 13:52:12.679,1016,
28-10-2021 13:51:36.712,18223104,28-10-2021 13:52:12.679,1016,
28-10-2021 13:51:36.712,18223104,28-10-2021 13:52:12.679,1016,
28-10-2021 13:51:36.712,18223104,28-10-2021 13:52:12.679,1016,
28-10-2021 13:51:36.712,18223104,28-10-2021 13:52:12.679,1016,
28-10-2021 13:51:36.712,18223104,28-10-2021 13:52:12.679,1016,
28-10-2021 13:51:36.712,18223104,28-10-2021 13:52:12.679,1016,
28-10-2021 13:51:36.712,18223104,28-10-2021 13:52:12.679,1016,
28-10-2021 13:51:36.968,18225152,28-10-2021 13:52:12.682,1016,
28-10-2021 13:51:36.968,18225152,28-10-2021 13:52:12.682,1016,
28-10-2021 13:51:36.968,18225152,28-10-2021 13:52:12.682,1016,
28-10-2021 13:51:36.968,18225152,28-10-2021 13:52:12.682,1016,
28-10-2021 13:51:36.968,18225152,28-10-2021 13:52:12.682,1016,
28-10-2021 13:51:36.968,18225152,28-10-2021 13:52:12.682,1016,
28-10-2021 13:51:36.968,18225152,28-10-2021 13:52:12.682,1016,
28-10-2021 13:51:36.968,18225152,28-10-2021 13:52:12.682,1016,
28-10-2021 13:51:36.968,18225152,28-10-2021 13:52:12.682,1016,
28-10-2021 13:51:36.968,18225152,28-10-2021 13:52:12.682,1016,
28-10-2021 13:51:36.968,18225152,28-10-2021 13:52:12.682,1016,
28-10-2021 13:51:36.968,18225152,28-10-2021 13:52:12.682,1016,
28-10-2021 13:51:36.968,18225152,28-10-2021 13:52:12.682,1016,
28-10-2021 13:51:36.968,18225152,28-10-2021 13:52:12.682,1016,
28-10-2021 13:51:36.968,18225152,28-10-2021 13:52:12.682,1016,
28-10-2021 13:51:36.968,18225152,28-10-2021 13:52:12.682,1016,
28-10-2021 13:51:37.224,18227200,28-10-2021 13:52:12.685,1016,
28-10-2021 13:51:37.224,18227200,28-10-2021 13:52:12.685,1016,
28-10-2021 13:51:37.224,18227200,28-10-2021 13:52:12.685,1016,
28-10-2021 13:51:37.224,18227200,28-10-2021 13:52:12.685,1016,
28-10-2021 13:51:37.224,18227200,28-10-2021 13:52:12.685,1016,
28-10-2021 13:51:37.224,18227200,28-10-2021 13:52:12.685,1016,
28-10-2021 13:51:37.224,18227200,28-10-2021 13:52:12.685,1016,
28-10-2021 13:51:37.224,18227200,28-10-2021 13:52:12.685,1016,
28-10-2021 13:51:37.224,18227200,28-10-2021 13:52:12.685,1016,
28-10-2021 13:51:37.224,18227200,28-10-2021 13:52:12.685,1016,
28-10-2021 13:51:37.224,18227200,28-10-2021 13:52:12.685,1016,
28-10-2021 13:51:37.224,18227200,28-10-2021 13:52:12.685,1016,
28-10-2021 13:51:37.224,18227200,28-10-2021 13:52:12.685,1016,
28-10-2021 13:51:37.224,18227200,28-10-2021 13:52:12.685,1016,
28-10-2021 13:51:37.224,18227200,28-10-2021 13:52:12.685,1016,
28-10-2021 13:51:37.224,18227200,28-10-2021 13:52:12.685,1016,
28-10-2021 13:51:37.480,18229248,28-10-2021 13:52:12.687,1016,
28-10-2021 13:51:37.480,18229248,28-10-2021 13:52:12.687,1016,
28-10-2021 13:51:37.480,18229248,28-10-2021 13:52:12.687,1016,
28-10-2021 13:51:37.480,18229248,28-10-2021 13:52:12.687,1016,
28-10-2021 13:51:37.480,18229248,28-10-2021 13:52:12.687,1016,
28-10-2021 13:51:37.480,18229248,28-10-2021 13:52:12.687,1016,
28-10-2021 13:51:37.480,18229248,28-10-2021 13:52:12.687,1016,
28-10-2021 13:51:37.480,18229248,28-10-2021 13:52:12.687,1016,
28-10-2021 13:51:37.480,18229248,28-10-2021 13:52:12.687,1016,
28-10-2021 13:51:37.480,18229248,28-10-2021 13:52:12.687,1016,
28-10-2021 13:51:37.480,18229248,28-10-2021 13:52:12.687,1016,
28-10-2021 13:51:37.480,18229248,28-10-2021 13:52:12.687,1016,
28-10-2021 13:51:37.480,18229248,28-10-2021 13:52:12.687,1016,
28-10-2021 13:51:37.480,18229248,28-10-2021 13:52:12.687,1016,
28-10-2021 13:51:37.480,18229248,28-10-2021 13:52:12.687,1016,
28-10-2021 13:51:37.480,18229248,28-10-2021 13:52:12.687,1016,
28-10-2021 13:51:37.736,18231296,28-10-2021 13:52:13.706,1016,
28-10-2021 13:51:37.736,18231296,28-10-2021 13:52:13.706,1016,
28-10-2021 13:51:37.736,18231296,28-10-2021 13:52:13.706,1016,
28-10-2021 13:51:37.736,18231296,28-10-2021 13:52:13.706,1016,
28-10-2021 13:51:37.736,18231296,28-10-2021 13:52:13.706,1016,
28-10-2021 13:51:37.736,18231296,28-10-2021 13:52:13.706,1016,
28-10-2021 13:51:37.736,18231296,28-10-2021 13:52:13.706,1016,
28-10-2021 13:51:37.736,18231296,28-10-2021 13:52:13.706,1016,
28-10-2021 13:51:37.736,18231296,28-10-2021 13:52:13.706,1016,
28-10-2021 13:51:37.736,18231296,28-10-2021 13:52:13.706,1016,
28-10-2021 13:51:37.736,18231296,28-10-2021 13:52:13.706,1016,
28-10-2021 13:51:37.736,18231296,28-10-2021 13:52:13.706,1016,
28-10-2021 13:51:37.736,18231296,28-10-2021 13:52:13.706,1016,
28-10-2021 13:51:37.736,18231296,28-10-2021 13:52:13.706,1016,
28-10-2021 13:51:37.736,18231296,28-10-2021 13:52:13.706,1016,
28-10-2021 13:51:37.736,18231296,28-10-2021 13:52:13.706,1016,
28-10-2021 13:51:37.992,18233344,28-10-2021 13:52:13.708,1016,
28-10-2021 13:51:37.992,18233344,28-10-2021 13:52:13.708,1016,
28-10-2021 13:51:37.992,18233344,28-10-2021 13:52:13.708,1016,
28-10-2021 13:51:37.992,18233344,28-10-2021 13:52:13.708,1016,
28-10-2021 13:51:37.992,18233344,28-10-2021 13:52:13.708,1016,
28-10-2021 13:51:37.992,18233344,28-10-2021 13:52:13.708,1016,
28-10-2021 13:51:37.992,18233344,28-10-2021 13:52:13.708,1016,
28-10-2021 13:51:37.992,18233344,28-10-2021 13:52:13.708,1016,
28-10-2021 13:51:37.992,18233344,28-10-2021 13:52:13.708,1016,
28-10-2021 13:51:37.992,18233344,28-10-2021 13:52:13.708,1016,
28-10-2021 13:51:37.992,18233344,28-10-2021 13:52:13.708,1016,
28-10-2021 13:51:37.992,18233344,28-10-2021 13:52:13.708,1016,
28-10-2021 13:51:37.992,18233344,28-10-2021 13:52:13.708,1016,
28-10-2021 13:51:37.992,18233344,28-10-2021 13:52:13.708,1016,
28-10-2021 13:51:37.992,18233344,28-10-2021 13:52:13.708,1016,
28-10-2021 13:51:37.992,18233344,28-10-2021 13:52:13.708,1016,
28-10-2021 13:51:38.248,18235392,28-10-2021 13:52:13.709,1016,
28-10-2021 13:51:38.248,18235392,28-10-2021 13:52:13.709,1016,
28-10-2021 13:51:38.248,18235392,28-10-2021 13:52:13.709,1016,
28-10-2021 13:51:38.248,18235392,28-10-2021 13:52:13.709,1016,
28-10-2021 13:51:38.248,18235392,28-10-2021 13:52:13.709,1016,
28-10-2021 13:51:38.248,18235392,28-10-2021 13:52:13.709,1016,
28-10-2021 13:51:38.248,18235392,28-10-2021 13:52:13.709,1016,
28-10-2021 13:51:38.248,18235392,28-10-2021 13:52:13.709,1016,
28-10-2021 13:51:38.248,18235392,28-10-2021 13:52:13.709,1016,
28-10-2021 13:51:38.248,18235392,28-10-2021 13:52:13.709,1016,
28-10-2021 13:51:38.248,18235392,28-10-2021 13:52:13.709,1016,
28-10-2021 13:51:38.248,18235392,28-10-2021 13:52:13.709,1016,
28-10-2021 13:51:38.248,18235392,28-10-2021 13:52:13.709,1016,
28-10-2021 13:51:38.248,18235392,28-10-2021 13:52:13.709,1016,
28-10-2021 13:51:38.248,18235392,28-10-2021 13:52:13.709,1016,
28-10-2021 13:51:38.248,18235392,28-10-2021 13:52:13.709,1016,
28-10-2021 13:51:38.504,18237440,28-10-2021 13:52:13.711,1016,
28-10-2021 13:51:38.504,18237440,28-10-2021 13:52:13.711,1016,
28-10-2021 13:51:38.504,18237440,28-10-2021 13:52:13.711,1016,
28-10-2021 13:51:38.504,18237440,28-10-2021 13:52:13.711,1016,
28-10-2021 13:51:38.504,18237440,28-10-2021 13:52:13.711,1016,
28-10-2021 13:51:38.504,18237440,28-10-2021 13:52:13.711,1016,
28-10-2021 13:51:38.504,18237440,28-10-2021 13:52:13.711,1016,
28-10-2021 13:51:38.504,18237440,28-10-2021 13:52:13.711,1016,
28-10-2021 13:51:38.504,18237440,28-10-2021 13:52:13.711,1016,
28-10-2021 13:51:38.504,18237440,28-10-2021 13:52:13.711,1016,
28-10-2021 13:51:38.504,18237440,28-10-2021 13:52:13.711,1016,
28-10-2021 13:51:38.504,18237440,28-10-2021 13:52:13.711,1016,
28-10-2021 13:51:38.504,18237440,28-10-2021 13:52:13.711,1016,
28-10-2021 13:51:38.504,18237440,28-10-2021 13:52:13.711,1016,
28-10-2021 13:51:38.504,18237440,28-10-2021 13:52:13.711,1016,
28-10-2021 13:51:38.504,18237440,28-10-2021 13:52:13.711,1016,
28-10-2021 13:51:38.760,18239488,28-10-2021 13:52:14.730,1016,
28-10-2021 13:51:38.760,18239488,28-10-2021 13:52:14.730,1016,
28-10-2021 13:51:38.760,18239488,28-10-2021 13:52:14.730,1016,
28-10-2021 13:51:38.760,18239488,28-10-2021 13:52:14.730,1016,
28-10-2021 13:51:38.760,18239488,28-10-2021 13:52:14.730,1016,
28-10-2021 13:51:38.760,18239488,28-10-2021 13:52:14.730,1016,
28-10-2021 13:51:38.760,18239488,28-10-2021 13:52:14.730,1016,
28-10-2021 13:51:38.760,18239488,28-10-2021 13:52:14.730,1016,
28-10-2021 13:51:38.760,18239488,28-10-2021 13:52:14.730,1016,
28-10-2021 13:51:38.760,18239488,28-10-2021 13:52:14.730,1016,
28-10-2021 13:51:38.760,18239488,28-10-2021 13:52:14.730,1016,
28-10-2021 13:51:38.760,18239488,28-10-2021 13:52:14.730,1016,
28-10-2021 13:51:38.760,18239488,28-10-2021 13:52:14.730,1016,
28-10-2021 13:51:38.760,18239488,28-10-2021 13:52:14.730,1016,
28-10-2021 13:51:38.760,18239488,28-10-2021 13:52:14.730,1016,
28-10-2021 13:51:38.760,18239488,28-10-2021 13:52:14.730,1016,
28-10-2021 13:51:39.016,18241536,28-10-2021 13:52:14.733,1016,
28-10-2021 13:51:39.016,18241536,28-10-2021 13:52:14.733,1016,
28-10-2021 13:51:39.016,18241536,28-10-2021 13:52:14.733,1016,
28-10-2021 13:51:39.016,18241536,28-10-2021 13:52:14.733,1016,
28-10-2021 13:51:39.016,18241536,28-10-2021 13:52:14.733,1016,
28-10-2021 13:51:39.016,18241536,28-10-2021 13:52:14.733,1016,
28-10-2021 13:51:39.016,18241536,28-10-2021 13:52:14.733,1016,
28-10-2021 13:51:39.016,18241536,28-10-2021 13:52:14.733,1016,
28-10-2021 13:51:39.016,18241536,28-10-2021 13:52:14.733,1016,
28-10-2021 13:51:39.016,18241536,28-10-2021 13:52:14.733,1016,
28-10-2021 13:51:39.016,18241536,28-10-2021 13:52:14.733,1016,
28-10-2021 13:51:39.016,18241536,28-10-2021 13:52:14.733,1016,
28-10-2021 13:51:39.016,18241536,28-10-2021 13:52:14.733,1016,
28-10-2021 13:51:39.016,18241536,28-10-2021 13:52:14.733,1016,
28-10-2021 13:51:39.016,18241536,28-10-2021 13:52:14.733,1016,
28-10-2021 13:51:39.016,18241536,28-10-2021 13:52:14.733,1016,
28-10-2021 13:51:39.272,18243584,28-10-2021 13:52:14.735,1016,
28-10-2021 13:51:39.272,18243584,28-10-2021 13:52:14.735,1016,
28-10-2021 13:51:39.272,18243584,28-10-2021 13:52:14.735,1016,
28-10-2021 13:51:39.272,18243584,28-10-2021 13:52:14.735,1016,
28-10-2021 13:51:39.272,18243584,28-10-2021 13:52:14.735,1016,
28-10-2021 13:51:39.272,18243584,28-10-2021 13:52:14.735,1016,
28-10-2021 13:51:39.272,18243584,28-10-2021 13:52:14.735,1016,
28-10-2021 13:51:39.272,18243584,28-10-2021 13:52:14.735,1016,
28-10-2021 13:51:39.272,18243584,28-10-2021 13:52:14.735,1016,
28-10-2021 13:51:39.272,18243584,28-10-2021 13:52:14.735,1016,
28-10-2021 13:51:39.272,18243584,28-10-2021 13:52:14.735,1016,
28-10-2021 13:51:39.272,18243584,28-10-2021 13:52:14.735,1016,
28-10-2021 13:51:39.272,18243584,28-10-2021 13:52:14.735,1016,
28-10-2021 13:51:39.272,18243584,28-10-2021 13:52:14.735,1016,
28-10-2021 13:51:39.272,18243584,28-10-2021 13:52:14.735,1016,
28-10-2021 13:51:39.272,18243584,28-10-2021 13:52:14.735,1016,
28-10-2021 13:51:39.528,18245632,28-10-2021 13:52:14.737,1016,
28-10-2021 13:51:39.528,18245632,28-10-2021 13:52:14.737,1016,
28-10-2021 13:51:39.528,18245632,28-10-2021 13:52:14.737,1016,
28-10-2021 13:51:39.528,18245632,28-10-2021 13:52:14.737,1016,
28-10-2021 13:51:39.528,18245632,28-10-2021 13:52:14.737,1016,
28-10-2021 13:51:39.528,18245632,28-10-2021 13:52:14.737,1016,
28-10-2021 13:51:39.528,18245632,28-10-2021 13:52:14.737,1016,
28-10-2021 13:51:39.528,18245632,28-10-2021 13:52:14.737,1016,
28-10-2021 13:51:39.528,18245632,28-10-2021 13:52:14.737,1016,
28-10-2021 13:51:39.528,18245632,28-10-2021 13:52:14.737,1016,
28-10-2021 13:51:39.528,18245632,28-10-2021 13:52:14.737,1016,
28-10-2021 13:51:39.528,18245632,28-10-2021 13:52:14.737,1016,
28-10-2021 13:51:39.528,18245632,28-10-2021 13:52:14.737,1016,
28-10-2021 13:51:39.528,18245632,28-10-2021 13:52:14.737,1016,
28-10-2021 13:51:39.528,18245632,28-10-2021 13:52:14.737,1016,
28-10-2021 13:51:39.528,18245632,28-10-2021 13:52:14.737,1016,
28-10-2021 14:21:37.928,32626688,28-10-2021 14:22:13.772,1016,
28-10-2021 14:21:37.928,32626688,28-10-2021 14:22:13.772,1016,
28-10-2021 14:21:37.928,32626688,28-10-2021 14:22:13.772,1016,
28-10-2021 14:21:37.928,32626688,28-10-2021 14:22:13.772,1016,
28-10-2021 14:21:37.928,32626688,28-10-2021 14:22:13.772,1016,
28-10-2021 14:21:37.928,32626688,28-10-2021 14:22:13.772,1016,
28-10-2021 14:21:37.928,32626688,28-10-2021 14:22:13.772,1016,
28-10-2021 14:21:37.928,32626688,28-10-2021 14:22:13.772,1016,
28-10-2021 14:21:37.928,32626688,28-10-2021 14:22:13.772,1016,
28-10-2021 14:21:37.928,32626688,28-10-2021 14:22:13.772,1016,
28-10-2021 14:21:37.928,32626688,28-10-2021 14:22:13.772,1016,
28-10-2021 14:21:37.928,32626688,28-10-2021 14:22:13.772,1016,
28-10-2021 14:21:37.928,32626688,28-10-2021 14:22:13.772,1016,
28-10-2021 14:21:37.928,32626688,28-10-2021 14:22:13.772,1016,
28-10-2021 14:21:37.928,32626688,28-10-2021 14:22:13.772,1016,
28-10-2021 14:21:37.928,32626688,28-10-2021 14:22:13.772,1016,
28-10-2021 14:21:38.184,32628736,28-10-2021 14:22:13.775,1016,
28-10-2021 14:21:38.184,32628736,28-10-2021 14:22:13.775,1016,
28-10-2021 14:21:38.184,32628736,28-10-2021 14:22:13.775,1016,
28-10-2021 14:21:38.184,32628736,28-10-2021 14:22:13.775,1016,
28-10-2021 14:21:38.184,32628736,28-10-2021 14:22:13.775,1016,
28-10-2021 14:21:38.184,32628736,28-10-2021 14:22:13.775,1016,
28-10-2021 14:21:38.184,32628736,28-10-2021 14:22:13.775,1016,
28-10-2021 14:21:38.184,32628736,28-10-2021 14:22:13.775,1016,
28-10-2021 14:21:38.184,32628736,28-10-2021 14:22:13.775,1016,
28-10-2021 14:21:38.184,32628736,28-10-2021 14:22:13.775,1016,
28-10-2021 14:21:38.184,32628736,28-10-2021 14:22:13.775,1016,
28-10-2021 14:21:38.184,32628736,28-10-2021 14:22:13.775,1016,
28-10-2021 14:21:38.184,32628736,28-10-2021 14:22:13.775,1016,
28-10-2021 14:21:38.184,32628736,28-10-2021 14:22:13.775,1016,
28-10-2021 14:21:38.184,32628736,28-10-2021 14:22:13.775,1016,
28-10-2021 14:21:38.184,32628736,28-10-2021 14:22:13.775,1016,
28-10-2021 14:21:38.440,32630784,28-10-2021 14:22:13.778,1016,
28-10-2021 14:21:38.440,32630784,28-10-2021 14:22:13.778,1016,
28-10-2021 14:21:38.440,32630784,28-10-2021 14:22:13.778,1016,
28-10-2021 14:21:38.440,32630784,28-10-2021 14:22:13.778,1016,
28-10-2021 14:21:38.440,32630784,28-10-2021 14:22:13.778,1016,
28-10-2021 14:21:38.440,32630784,28-10-2021 14:22:13.778,1016,
28-10-2021 14:21:38.440,32630784,28-10-2021 14:22:13.778,1016,
28-10-2021 14:21:38.440,32630784,28-10-2021 14:22:13.778,1016,
28-10-2021 14:21:38.440,32630784,28-10-2021 14:22:13.778,1016,
28-10-2021 14:21:38.440,32630784,28-10-2021 14:22:13.778,1016,
28-10-2021 14:21:38.440,32630784,28-10-2021 14:22:13.778,1016,
28-10-2021 14:21:38.440,32630784,28-10-2021 14:22:13.778,1016,
28-10-2021 14:21:38.440,32630784,28-10-2021 14:22:13.778,1016,
28-10-2021 14:21:38.440,32630784,28-10-2021 14:22:13.778,1016,
28-10-2021 14:21:38.440,32630784,28-10-2021 14:22:13.778,1016,
28-10-2021 14:21:38.440,32630784,28-10-2021 14:22:13.778,1016,
28-10-2021 14:21:38.696,32632832,28-10-2021 14:22:14.811,1016,
28-10-2021 14:21:38.696,32632832,28-10-2021 14:22:14.811,1016,
28-10-2021 14:21:38.696,32632832,28-10-2021 14:22:14.811,1016,
28-10-2021 14:21:38.696,32632832,28-10-2021 14:22:14.811,1016,
28-10-2021 14:21:38.696,32632832,28-10-2021 14:22:14.811,1016,
28-10-2021 14:21:38.696,32632832,28-10-2021 14:22:14.811,1016,
28-10-2021 14:21:38.696,32632832,28-10-2021 14:22:14.811,1016,
28-10-2021 14:21:38.696,32632832,28-10-2021 14:22:14.811,1016,
28-10-2021 14:21:38.696,32632832,28-10-2021 14:22:14.811,1016,
28-10-2021 14:21:38.696,32632832,28-10-2021 14:22:14.811,1016,
28-10-2021 14:21:38.696,32632832,28-10-2021 14:22:14.811,1016,
28-10-2021 14:21:38.696,32632832,28-10-2021 14:22:14.811,1016,
28-10-2021 14:21:38.696,32632832,28-10-2021 14:22:14.811,1016,
28-10-2021 14:21:38.696,32632832,28-10-2021 14:22:14.811,1016,
28-10-2021 14:21:38.696,32632832,28-10-2021 14:22:14.811,1016,
28-10-2021 14:21:38.696,32632832,28-10-2021 14:22:14.811,1016,
28-10-2021 14:21:38.952,32634880,28-10-2021 14:22:14.820,1016,
28-10-2021 14:21:38.952,32634880,28-10-2021 14:22:14.820,1016,
28-10-2021 14:21:38.952,32634880,28-10-2021 14:22:14.820,1016,
28-10-2021 14:21:38.952,32634880,28-10-2021 14:22:14.820,1016,
28-10-2021 14:21:38.952,32634880,28-10-2021 14:22:14.820,1016,
28-10-2021 14:21:38.952,32634880,28-10-2021 14:22:14.820,1016,
28-10-2021 14:21:38.952,32634880,28-10-2021 14:22:14.820,1016,
28-10-2021 14:21:38.952,32634880,28-10-2021 14:22:14.820,1016,
28-10-2021 14:21:38.952,32634880,28-10-2021 14:22:14.820,1016,
28-10-2021 14:21:38.952,32634880,28-10-2021 14:22:14.820,1016,
28-10-2021 14:21:38.952,32634880,28-10-2021 14:22:14.820,1016,
28-10-2021 14:21:38.952,32634880,28-10-2021 14:22:14.820,1016,
28-10-2021 14:21:38.952,32634880,28-10-2021 14:22:14.820,1016,
28-10-2021 14:21:38.952,32634880,28-10-2021 14:22:14.820,1016,
28-10-2021 14:21:38.952,32634880,28-10-2021 14:22:14.820,1016,
28-10-2021 14:21:38.952,32634880,28-10-2021 14:22:14.820,1016,
28-10-2021 14:21:39.208,32636928,28-10-2021 14:22:14.828,1016,
28-10-2021 14:21:39.208,32636928,28-10-2021 14:22:14.828,1016,
28-10-2021 14:21:39.208,32636928,28-10-2021 14:22:14.828,1016,
28-10-2021 14:21:39.208,32636928,28-10-2021 14:22:14.828,1016,
28-10-2021 14:21:39.208,32636928,28-10-2021 14:22:14.828,1016,
28-10-2021 14:21:39.208,32636928,28-10-2021 14:22:14.828,1016,
28-10-2021 14:21:39.208,32636928,28-10-2021 14:22:14.828,1016,
28-10-2021 14:21:39.208,32636928,28-10-2021 14:22:14.828,1016,
28-10-2021 14:21:39.208,32636928,28-10-2021 14:22:14.828,1016,
28-10-2021 14:21:39.208,32636928,28-10-2021 14:22:14.828,1016,
28-10-2021 14:21:39.208,32636928,28-10-2021 14:22:14.828,1016,
28-10-2021 14:21:39.208,32636928,28-10-2021 14:22:14.828,1016,
28-10-2021 14:21:39.208,32636928,28-10-2021 14:22:14.828,1016,
28-10-2021 14:21:39.208,32636928,28-10-2021 14:22:14.828,1016,
28-10-2021 14:21:39.208,32636928,28-10-2021 14:22:14.828,1016,
28-10-2021 14:21:39.208,32636928,28-10-2021 14:22:14.828,1016,
28-10-2021 14:21:39.464,32638976,28-10-2021 14:22:14.831,1016,
28-10-2021 14:21:39.464,32638976,28-10-2021 14:22:14.831,1016,
28-10-2021 14:21:39.464,32638976,28-10-2021 14:22:14.831,1016,
28-10-2021 14:21:39.464,32638976,28-10-2021 14:22:14.831,1016,
28-10-2021 14:21:39.464,32638976,28-10-2021 14:22:14.831,1016,
28-10-2021 14:21:39.464,32638976,28-10-2021 14:22:14.831,1016,
28-10-2021 14:21:39.464,32638976,28-10-2021 14:22:14.831,1016,
28-10-2021 14:21:39.464,32638976,28-10-2021 14:22:14.831,1016,
28-10-2021 14:21:39.464,32638976,28-10-2021 14:22:14.831,1016,
28-10-2021 14:21:39.464,32638976,28-10-2021 14:22:14.831,1016,
28-10-2021 14:21:39.464,32638976,28-10-2021 14:22:14.831,1016,
28-10-2021 14:21:39.464,32638976,28-10-2021 14:22:14.831,1016,
28-10-2021 14:21:39.464,32638976,28-10-2021 14:22:14.831,1016,
28-10-2021 14:21:39.464,32638976,28-10-2021 14:22:14.831,1016,
28-10-2021 14:21:39.464,32638976,28-10-2021 14:22:14.831,1016,
28-10-2021 14:21:39.464,32638976,28-10-2021 14:22:14.831,1016,
28-10-2021 14:21:39.720,32641024,28-10-2021 14:22:15.808,1016,
28-10-2021 14:21:39.720,32641024,28-10-2021 14:22:15.808,1016,
28-10-2021 14:21:39.720,32641024,28-10-2021 14:22:15.808,1016,
28-10-2021 14:21:39.720,32641024,28-10-2021 14:22:15.808,1016,
28-10-2021 14:21:39.720,32641024,28-10-2021 14:22:15.808,1016,
28-10-2021 14:21:39.720,32641024,28-10-2021 14:22:15.808,1016,
28-10-2021 14:21:39.720,32641024,28-10-2021 14:22:15.808,1016,
28-10-2021 14:21:39.720,32641024,28-10-2021 14:22:15.808,1016,
28-10-2021 14:21:39.720,32641024,28-10-2021 14:22:15.808,1016,
28-10-2021 14:21:39.720,32641024,28-10-2021 14:22:15.808,1016,
28-10-2021 14:21:39.720,32641024,28-10-2021 14:22:15.808,1016,
28-10-2021 14:21:39.720,32641024,28-10-2021 14:22:15.808,1016,
28-10-2021 14:21:39.720,32641024,28-10-2021 14:22:15.808,1016,
28-10-2021 14:21:39.720,32641024,28-10-2021 14:22:15.808,1016,
28-10-2021 14:21:39.720,32641024,28-10-2021 14:22:15.808,1016,
28-10-2021 14:21:39.720,32641024,28-10-2021 14:22:15.808,1016,
28-10-2021 14:21:39.976,32643072,28-10-2021 14:22:15.811,1016,
28-10-2021 14:21:39.976,32643072,28-10-2021 14:22:15.811,1016,
28-10-2021 14:21:39.976,32643072,28-10-2021 14:22:15.811,1016,
28-10-2021 14:21:39.976,32643072,28-10-2021 14:22:15.811,1016,
28-10-2021 14:21:39.976,32643072,28-10-2021 14:22:15.811,1016,
28-10-2021 14:21:39.976,32643072,28-10-2021 14:22:15.811,1016,
28-10-2021 14:21:39.976,32643072,28-10-2021 14:22:15.811,1016,
28-10-2021 14:21:39.976,32643072,28-10-2021 14:22:15.811,1016,
28-10-2021 14:21:39.976,32643072,28-10-2021 14:22:15.811,1016,
28-10-2021 14:21:39.976,32643072,28-10-2021 14:22:15.811,1016,
28-10-2021 14:21:39.976,32643072,28-10-2021 14:22:15.811,1016,
28-10-2021 14:21:39.976,32643072,28-10-2021 14:22:15.811,1016,
28-10-2021 14:21:39.976,32643072,28-10-2021 14:22:15.811,1016,
28-10-2021 14:21:39.976,32643072,28-10-2021 14:22:15.811,1016,
28-10-2021 14:21:39.976,32643072,28-10-2021 14:22:15.811,1016,
28-10-2021 14:21:39.976,32643072,28-10-2021 14:22:15.811,1016,
28-10-2021 14:21:40.232,32645120,28-10-2021 14:22:15.813,1016,
28-10-2021 14:21:40.232,32645120,28-10-2021 14:22:15.813,1016,
28-10-2021 14:21:40.232,32645120,28-10-2021 14:22:15.813,1016,
28-10-2021 14:21:40.232,32645120,28-10-2021 14:22:15.813,1016,
28-10-2021 14:21:40.232,32645120,28-10-2021 14:22:15.813,1016,
28-10-2021 14:21:40.232,32645120,28-10-2021 14:22:15.813,1016,
28-10-2021 14:21:40.232,32645120,28-10-2021 14:22:15.813,1016,
28-10-2021 14:21:40.232,32645120,28-10-2021 14:22:15.813,1016,
28-10-2021 14:21:40.232,32645120,28-10-2021 14:22:15.813,1016,
28-10-2021 14:21:40.232,32645120,28-10-2021 14:22:15.813,1016,
28-10-2021 14:21:40.232,32645120,28-10-2021 14:22:15.813,1016,
28-10-2021 14:21:40.232,32645120,28-10-2021 14:22:15.813,1016,
28-10-2021 14:21:40.232,32645120,28-10-2021 14:22:15.813,1016,
28-10-2021 14:21:40.232,32645120,28-10-2021 14:22:15.813,1016,
28-10-2021 14:21:40.232,32645120,28-10-2021 14:22:15.813,1016,
28-10-2021 14:21:40.232,32645120,28-10-2021 14:22:15.813,1016,
28-10-2021 14:21:40.488,32647168,28-10-2021 14:22:15.815,1016,
28-10-2021 14:21:40.488,32647168,28-10-2021 14:22:15.815,1016,
28-10-2021 14:21:40.488,32647168,28-10-2021 14:22:15.815,1016,
28-10-2021 14:21:40.488,32647168,28-10-2021 14:22:15.815,1016,
28-10-2021 14:21:40.488,32647168,28-10-2021 14:22:15.815,1016,
28-10-2021 14:21:40.488,32647168,28-10-2021 14:22:15.815,1016,
28-10-2021 14:21:40.488,32647168,28-10-2021 14:22:15.815,1016,
28-10-2021 14:21:40.488,32647168,28-10-2021 14:22:15.815,1016,
28-10-2021 14:21:40.488,32647168,28-10-2021 14:22:15.815,1016,
28-10-2021 14:21:40.488,32647168,28-10-2021 14:22:15.815,1016,
28-10-2021 14:21:40.488,32647168,28-10-2021 14:22:15.815,1016,
28-10-2021 14:21:40.488,32647168,28-10-2021 14:22:15.815,1016,
28-10-2021 14:21:40.488,32647168,28-10-2021 14:22:15.815,1016,
28-10-2021 14:21:40.488,32647168,28-10-2021 14:22:15.815,1016,
28-10-2021 14:21:40.488,32647168,28-10-2021 14:22:15.815,1016,
28-10-2021 14:21:40.488,32647168,28-10-2021 14:22:15.815,1016,
28-10-2021 17:08:49.816,46397440,28-10-2021 17:09:26.156,1016,
28-10-2021 17:08:49.816,46397440,28-10-2021 17:09:26.156,1016,
28-10-2021 17:08:49.816,46397440,28-10-2021 17:09:26.156,1016,
28-10-2021 17:08:49.816,46397440,28-10-2021 17:09:26.156,1016,
28-10-2021 17:08:49.816,46397440,28-10-2021 17:09:26.156,1016,
28-10-2021 17:08:49.816,46397440,28-10-2021 17:09:26.156,1016,
28-10-2021 17:08:49.816,46397440,28-10-2021 17:09:26.156,1016,
28-10-2021 17:08:49.816,46397440,28-10-2021 17:09:26.156,1016,
28-10-2021 17:08:49.816,46397440,28-10-2021 17:09:26.156,1016,
28-10-2021 17:08:49.816,46397440,28-10-2021 17:09:26.156,1016,
28-10-2021 17:08:49.816,46397440,28-10-2021 17:09:26.156,1016,
28-10-2021 17:08:49.816,46397440,28-10-2021 17:09:26.156,1016,
28-10-2021 17:08:49.816,46397440,28-10-2021 17:09:26.156,1016,
28-10-2021 17:08:49.816,46397440,28-10-2021 17:09:26.156,1016,
28-10-2021 17:08:49.816,46397440,28-10-2021 17:09:26.156,1016,
28-10-2021 17:08:49.816,46397440,28-10-2021 17:09:26.156,1016,
28-10-2021 17:08:50.072,46399488,28-10-2021 17:09:26.158,1016,
28-10-2021 17:08:50.072,46399488,28-10-2021 17:09:26.158,1016,
28-10-2021 17:08:50.072,46399488,28-10-2021 17:09:26.158,1016,
28-10-2021 17:08:50.072,46399488,28-10-2021 17:09:26.158,1016,
28-10-2021 17:08:50.072,46399488,28-10-2021 17:09:26.158,1016,
28-10-2021 17:08:50.072,46399488,28-10-2021 17:09:26.158,1016,
28-10-2021 17:08:50.072,46399488,28-10-2021 17:09:26.158,1016,
28-10-2021 17:08:50.072,46399488,28-10-2021 17:09:26.158,1016,
28-10-2021 17:08:50.072,46399488,28-10-2021 17:09:26.158,1016,
28-10-2021 17:08:50.072,46399488,28-10-2021 17:09:26.158,1016,
28-10-2021 17:08:50.072,46399488,28-10-2021 17:09:26.158,1016,
28-10-2021 17:08:50.072,46399488,28-10-2021 17:09:26.158,1016,
28-10-2021 17:08:50.072,46399488,28-10-2021 17:09:26.158,1016,
28-10-2021 17:08:50.072,46399488,28-10-2021 17:09:26.158,1016,
28-10-2021 17:08:50.072,46399488,28-10-2021 17:09:26.158,1016,
28-10-2021 17:08:50.072,46399488,28-10-2021 17:09:26.158,1016,
28-10-2021 17:08:50.328,46401536,28-10-2021 17:09:26.161,1016,
28-10-2021 17:08:50.328,46401536,28-10-2021 17:09:26.161,1016,
28-10-2021 17:08:50.328,46401536,28-10-2021 17:09:26.161,1016,
28-10-2021 17:08:50.328,46401536,28-10-2021 17:09:26.161,1016,
28-10-2021 17:08:50.328,46401536,28-10-2021 17:09:26.161,1016,
28-10-2021 17:08:50.328,46401536,28-10-2021 17:09:26.161,1016,
28-10-2021 17:08:50.328,46401536,28-10-2021 17:09:26.161,1016,
28-10-2021 17:08:50.328,46401536,28-10-2021 17:09:26.161,1016,
28-10-2021 17:08:50.328,46401536,28-10-2021 17:09:26.161,1016,
28-10-2021 17:08:50.328,46401536,28-10-2021 17:09:26.161,1016,
28-10-2021 17:08:50.328,46401536,28-10-2021 17:09:26.161,1016,
28-10-2021 17:08:50.328,46401536,28-10-2021 17:09:26.161,1016,
28-10-2021 17:08:50.328,46401536,28-10-2021 17:09:26.161,1016,
28-10-2021 17:08:50.328,46401536,28-10-2021 17:09:26.161,1016,
28-10-2021 17:08:50.328,46401536,28-10-2021 17:09:26.161,1016,
28-10-2021 17:08:50.328,46401536,28-10-2021 17:09:26.161,1016,
28-10-2021 17:08:50.584,46403584,28-10-2021 17:09:27.176,1016,
28-10-2021 17:08:50.584,46403584,28-10-2021 17:09:27.176,1016,
28-10-2021 17:08:50.584,46403584,28-10-2021 17:09:27.176,1016,
28-10-2021 17:08:50.584,46403584,28-10-2021 17:09:27.176,1016,
28-10-2021 17:08:50.584,46403584,28-10-2021 17:09:27.176,1016,
28-10-2021 17:08:50.584,46403584,28-10-2021 17:09:27.176,1016,
28-10-2021 17:08:50.584,46403584,28-10-2021 17:09:27.176,1016,
28-10-2021 17:08:50.584,46403584,28-10-2021 17:09:27.176,1016,
28-10-2021 17:08:50.584,46403584,28-10-2021 17:09:27.176,1016,
28-10-2021 17:08:50.584,46403584,28-10-2021 17:09:27.176,1016,
28-10-2021 17:08:50.584,46403584,28-10-2021 17:09:27.176,1016,
28-10-2021 17:08:50.584,46403584,28-10-2021 17:09:27.176,1016,
28-10-2021 17:08:50.584,46403584,28-10-2021 17:09:27.176,1016,
28-10-2021 17:08:50.584,46403584,28-10-2021 17:09:27.176,1016,
28-10-2021 17:08:50.584,46403584,28-10-2021 17:09:27.176,1016,
28-10-2021 17:08:50.584,46403584,28-10-2021 17:09:27.176,1016,
28-10-2021 17:08:50.840,46405632,28-10-2021 17:09:27.178,1016,
28-10-2021 17:08:50.840,46405632,28-10-2021 17:09:27.178,1016,
28-10-2021 17:08:50.840,46405632,28-10-2021 17:09:27.178,1016,
28-10-2021 17:08:50.840,46405632,28-10-2021 17:09:27.178,1016,
28-10-2021 17:08:50.840,46405632,28-10-2021 17:09:27.178,1016,
28-10-2021 17:08:50.840,46405632,28-10-2021 17:09:27.178,1016,
28-10-2021 17:08:50.840,46405632,28-10-2021 17:09:27.178,1016,
28-10-2021 17:08:50.840,46405632,28-10-2021 17:09:27.178,1016,
28-10-2021 17:08:50.840,46405632,28-10-2021 17:09:27.178,1016,
28-10-2021 17:08:50.840,46405632,28-10-2021 17:09:27.178,1016,
28-10-2021 17:08:50.840,46405632,28-10-2021 17:09:27.178,1016,
28-10-2021 17:08:50.840,46405632,28-10-2021 17:09:27.178,1016,
28-10-2021 17:08:50.840,46405632,28-10-2021 17:09:27.178,1016,
28-10-2021 17:08:50.840,46405632,28-10-2021 17:09:27.178,1016,
28-10-2021 17:08:50.840,46405632,28-10-2021 17:09:27.178,1016,
28-10-2021 17:08:50.840,46405632,28-10-2021 17:09:27.178,1016,
28-10-2021 17:08:51.096,46407680,28-10-2021 17:09:27.183,1016,
28-10-2021 17:08:51.096,46407680,28-10-2021 17:09:27.183,1016,
28-10-2021 17:08:51.096,46407680,28-10-2021 17:09:27.183,1016,
28-10-2021 17:08:51.096,46407680,28-10-2021 17:09:27.183,1016,
28-10-2021 17:08:51.096,46407680,28-10-2021 17:09:27.183,1016,
28-10-2021 17:08:51.096,46407680,28-10-2021 17:09:27.183,1016,
28-10-2021 17:08:51.096,46407680,28-10-2021 17:09:27.183,1016,
28-10-2021 17:08:51.096,46407680,28-10-2021 17:09:27.183,1016,
28-10-2021 17:08:51.096,46407680,28-10-2021 17:09:27.183,1016,
28-10-2021 17:08:51.096,46407680,28-10-2021 17:09:27.183,1016,
28-10-2021 17:08:51.096,46407680,28-10-2021 17:09:27.183,1016,
28-10-2021 17:08:51.096,46407680,28-10-2021 17:09:27.183,1016,
28-10-2021 17:08:51.096,46407680,28-10-2021 17:09:27.183,1016,
28-10-2021 17:08:51.096,46407680,28-10-2021 17:09:27.183,1016,
28-10-2021 17:08:51.096,46407680,28-10-2021 17:09:27.183,1016,
28-10-2021 17:08:51.096,46407680,28-10-2021 17:09:27.183,1016,
28-10-2021 17:08:51.352,46409728,28-10-2021 17:09:27.185,1016,
28-10-2021 17:08:51.352,46409728,28-10-2021 17:09:27.185,1016,
28-10-2021 17:08:51.352,46409728,28-10-2021 17:09:27.185,1016,
28-10-2021 17:08:51.352,46409728,28-10-2021 17:09:27.185,1016,
28-10-2021 17:08:51.352,46409728,28-10-2021 17:09:27.185,1016,
28-10-2021 17:08:51.352,46409728,28-10-2021 17:09:27.185,1016,
28-10-2021 17:08:51.352,46409728,28-10-2021 17:09:27.185,1016,
28-10-2021 17:08:51.352,46409728,28-10-2021 17:09:27.185,1016,
28-10-2021 17:08:51.352,46409728,28-10-2021 17:09:27.185,1016,
28-10-2021 17:08:51.352,46409728,28-10-2021 17:09:27.185,1016,
28-10-2021 17:08:51.352,46409728,28-10-2021 17:09:27.185,1016,
28-10-2021 17:08:51.352,46409728,28-10-2021 17:09:27.185,1016,
28-10-2021 17:08:51.352,46409728,28-10-2021 17:09:27.185,1016,
28-10-2021 17:08:51.352,46409728,28-10-2021 17:09:27.185,1016,
28-10-2021 17:08:51.352,46409728,28-10-2021 17:09:27.185,1016,
28-10-2021 17:08:51.352,46409728,28-10-2021 17:09:27.185,1016,
28-10-2021 17:08:51.608,46411776,28-10-2021 17:09:28.211,1016,
28-10-2021 17:08:51.608,46411776,28-10-2021 17:09:28.211,1016,
28-10-2021 17:08:51.608,46411776,28-10-2021 17:09:28.211,1016,
28-10-2021 17:08:51.608,46411776,28-10-2021 17:09:28.211,1016,
28-10-2021 17:08:51.608,46411776,28-10-2021 17:09:28.211,1016,
28-10-2021 17:08:51.608,46411776,28-10-2021 17:09:28.211,1016,
28-10-2021 17:08:51.608,46411776,28-10-2021 17:09:28.211,1016,
28-10-2021 17:08:51.608,46411776,28-10-2021 17:09:28.211,1016,
28-10-2021 17:08:51.608,46411776,28-10-2021 17:09:28.211,1016,
28-10-2021 17:08:51.608,46411776,28-10-2021 17:09:28.211,1016,
28-10-2021 17:08:51.608,46411776,28-10-2021 17:09:28.211,1016,
28-10-2021 17:08:51.608,46411776,28-10-2021 17:09:28.211,1016,
28-10-2021 17:08:51.608,46411776,28-10-2021 17:09:28.211,1016,
28-10-2021 17:08:51.608,46411776,28-10-2021 17:09:28.211,1016,
28-10-2021 17:08:51.608,46411776,28-10-2021 17:09:28.211,1016,
28-10-2021 17:08:51.608,46411776,28-10-2021 17:09:28.211,1016,
28-10-2021 17:08:51.864,46413824,28-10-2021 17:09:28.213,1016,
28-10-2021 17:08:51.864,46413824,28-10-2021 17:09:28.213,1016,
28-10-2021 17:08:51.864,46413824,28-10-2021 17:09:28.213,1016,
28-10-2021 17:08:51.864,46413824,28-10-2021 17:09:28.213,1016,
28-10-2021 17:08:51.864,46413824,28-10-2021 17:09:28.213,1016,
28-10-2021 17:08:51.864,46413824,28-10-2021 17:09:28.213,1016,
28-10-2021 17:08:51.864,46413824,28-10-2021 17:09:28.213,1016,
28-10-2021 17:08:51.864,46413824,28-10-2021 17:09:28.213,1016,
28-10-2021 17:08:51.864,46413824,28-10-2021 17:09:28.213,1016,
28-10-2021 17:08:51.864,46413824,28-10-2021 17:09:28.213,1016,
28-10-2021 17:08:51.864,46413824,28-10-2021 17:09:28.213,1016,
28-10-2021 17:08:51.864,46413824,28-10-2021 17:09:28.213,1016,
28-10-2021 17:08:51.864,46413824,28-10-2021 17:09:28.213,1016,
28-10-2021 17:08:51.864,46413824,28-10-2021 17:09:28.213,1016,
28-10-2021 17:08:51.864,46413824,28-10-2021 17:09:28.213,1016,
28-10-2021 17:08:51.864,46413824,28-10-2021 17:09:28.213,1016,
28-10-2021 17:08:52.120,46415872,28-10-2021 17:09:28.216,1016,
28-10-2021 17:08:52.120,46415872,28-10-2021 17:09:28.216,1016,
28-10-2021 17:08:52.120,46415872,28-10-2021 17:09:28.216,1016,
28-10-2021 17:08:52.120,46415872,28-10-2021 17:09:28.216,1016,
28-10-2021 17:08:52.120,46415872,28-10-2021 17:09:28.216,1016,
28-10-2021 17:08:52.120,46415872,28-10-2021 17:09:28.216,1016,
28-10-2021 17:08:52.120,46415872,28-10-2021 17:09:28.216,1016,
28-10-2021 17:08:52.120,46415872,28-10-2021 17:09:28.216,1016,
28-10-2021 17:08:52.120,46415872,28-10-2021 17:09:28.216,1016,
28-10-2021 17:08:52.120,46415872,28-10-2021 17:09:28.216,1016,
28-10-2021 17:08:52.120,46415872,28-10-2021 17:09:28.216,1016,
28-10-2021 17:08:52.120,46415872,28-10-2021 17:09:28.216,1016,
28-10-2021 17:08:52.120,46415872,28-10-2021 17:09:28.216,1016,
28-10-2021 17:08:52.120,46415872,28-10-2021 17:09:28.216,1016,
28-10-2021 17:08:52.120,46415872,28-10-2021 17:09:28.216,1016,
28-10-2021 17:08:52.120,46415872,28-10-2021 17:09:28.216,1016,
28-10-2021 17:08:52.376,46417920,28-10-2021 17:09:28.218,1016,
28-10-2021 17:08:52.376,46417920,28-10-2021 17:09:28.218,1016,
28-10-2021 17:08:52.376,46417920,28-10-2021 17:09:28.218,1016,
28-10-2021 17:08:52.376,46417920,28-10-2021 17:09:28.218,1016,
28-10-2021 17:08:52.376,46417920,28-10-2021 17:09:28.218,1016,
28-10-2021 17:08:52.376,46417920,28-10-2021 17:09:28.218,1016,
28-10-2021 17:08:52.376,46417920,28-10-2021 17:09:28.218,1016,
28-10-2021 17:08:52.376,46417920,28-10-2021 17:09:28.218,1016,
28-10-2021 17:08:52.376,46417920,28-10-2021 17:09:28.218,1016,
28-10-2021 17:08:52.376,46417920,28-10-2021 17:09:28.218,1016,
28-10-2021 17:08:52.376,46417920,28-10-2021 17:09:28.218,1016,
28-10-2021 17:08:52.376,46417920,28-10-2021 17:09:28.218,1016,
28-10-2021 17:08:52.376,46417920,28-10-2021 17:09:28.218,1016,
28-10-2021 17:08:52.376,46417920,28-10-2021 17:09:28.218,1016,
28-10-2021 17:08:52.376,46417920,28-10-2021 17:09:28.218,1016,
28-10-2021 17:08:52.376,46417920,28-10-2021 17:09:28.218,1016,
28-10-2021 17:08:52.632,46419968,28-10-2021 17:09:29.202,1016,
28-10-2021 17:08:52.632,46419968,28-10-2021 17:09:29.202,1016,
28-10-2021 17:08:52.632,46419968,28-10-2021 17:09:29.202,1016,
28-10-2021 17:08:52.632,46419968,28-10-2021 17:09:29.202,1016,
28-10-2021 17:08:52.632,46419968,28-10-2021 17:09:29.202,1016,
28-10-2021 17:08:52.632,46419968,28-10-2021 17:09:29.202,1016,
28-10-2021 17:08:52.632,46419968,28-10-2021 17:09:29.202,1016,
28-10-2021 17:08:52.632,46419968,28-10-2021 17:09:29.202,1016,
28-10-2021 17:08:52.632,46419968,28-10-2021 17:09:29.202,1016,
28-10-2021 17:08:52.632,46419968,28-10-2021 17:09:29.202,1016,
28-10-2021 17:08:52.632,46419968,28-10-2021 17:09:29.202,1016,
28-10-2021 17:08:52.632,46419968,28-10-2021 17:09:29.202,1016,
28-10-2021 17:08:52.632,46419968,28-10-2021 17:09:29.202,1016,
28-10-2021 17:08:52.632,46419968,28-10-2021 17:09:29.202,1016,
28-10-2021 17:08:52.632,46419968,28-10-2021 17:09:29.202,1016,
28-10-2021 17:08:52.632,46419968,28-10-2021 17:09:29.202,1016,
28-10-2021 17:08:52.888,46422016,28-10-2021 17:09:29.204,1016,
28-10-2021 17:08:52.888,46422016,28-10-2021 17:09:29.204,1016,
28-10-2021 17:08:52.888,46422016,28-10-2021 17:09:29.204,1016,
28-10-2021 17:08:52.888,46422016,28-10-2021 17:09:29.204,1016,
28-10-2021 17:08:52.888,46422016,28-10-2021 17:09:29.204,1016,
28-10-2021 17:08:52.888,46422016,28-10-2021 17:09:29.204,1016,
28-10-2021 17:08:52.888,46422016,28-10-2021 17:09:29.204,1016,
28-10-2021 17:08:52.888,46422016,28-10-2021 17:09:29.204,1016,
28-10-2021 17:08:52.888,46422016,28-10-2021 17:09:29.204,1016,
28-10-2021 17:08:52.888,46422016,28-10-2021 17:09:29.204,1016,
28-10-2021 17:08:52.888,46422016,28-10-2021 17:09:29.204,1016,
28-10-2021 17:08:52.888,46422016,28-10-2021 17:09:29.204,1016,
28-10-2021 17:08:52.888,46422016,28-10-2021 17:09:29.204,1016,
28-10-2021 17:08:52.888,46422016,28-10-2021 17:09:29.204,1016,
28-10-2021 17:08:52.888,46422016,28-10-2021 17:09:29.204,1016,
28-10-2021 17:08:52.888,46422016,28-10-2021 17:09:29.204,1016,
28-10-2021 17:08:53.144,46424064,28-10-2021 17:09:29.205,1016,
28-10-2021 17:08:53.144,46424064,28-10-2021 17:09:29.205,1016,
28-10-2021 17:08:53.144,46424064,28-10-2021 17:09:29.205,1016,
28-10-2021 17:08:53.144,46424064,28-10-2021 17:09:29.205,1016,
28-10-2021 17:08:53.144,46424064,28-10-2021 17:09:29.205,1016,
28-10-2021 17:08:53.144,46424064,28-10-2021 17:09:29.205,1016,
28-10-2021 17:08:53.144,46424064,28-10-2021 17:09:29.205,1016,
28-10-2021 17:08:53.144,46424064,28-10-2021 17:09:29.205,1016,
28-10-2021 17:08:53.144,46424064,28-10-2021 17:09:29.205,1016,
28-10-2021 17:08:53.144,46424064,28-10-2021 17:09:29.205,1016,
28-10-2021 17:08:53.144,46424064,28-10-2021 17:09:29.205,1016,
28-10-2021 17:08:53.144,46424064,28-10-2021 17:09:29.205,1016,
28-10-2021 17:08:53.144,46424064,28-10-2021 17:09:29.205,1016,
28-10-2021 17:08:53.144,46424064,28-10-2021 17:09:29.205,1016,
28-10-2021 17:08:53.144,46424064,28-10-2021 17:09:29.205,1016,
28-10-2021 17:08:53.144,46424064,28-10-2021 17:09:29.205,1016,
28-10-2021 17:08:53.400,46426112,28-10-2021 17:09:29.207,1016,
28-10-2021 17:08:53.400,46426112,28-10-2021 17:09:29.207,1016,
28-10-2021 17:08:53.400,46426112,28-10-2021 17:09:29.207,1016,
28-10-2021 17:08:53.400,46426112,28-10-2021 17:09:29.207,1016,
28-10-2021 17:08:53.400,46426112,28-10-2021 17:09:29.207,1016,
28-10-2021 17:08:53.400,46426112,28-10-2021 17:09:29.207,1016,
28-10-2021 17:08:53.400,46426112,28-10-2021 17:09:29.207,1016,
28-10-2021 17:08:53.400,46426112,28-10-2021 17:09:29.207,1016,
28-10-2021 17:08:53.400,46426112,28-10-2021 17:09:29.207,1016,
28-10-2021 17:08:53.400,46426112,28-10-2021 17:09:29.207,1016,
28-10-2021 17:08:53.400,46426112,28-10-2021 17:09:29.207,1016,
28-10-2021 17:08:53.400,46426112,28-10-2021 17:09:29.207,1016,
28-10-2021 17:08:53.400,46426112,28-10-2021 17:09:29.207,1016,
28-10-2021 17:08:53.400,46426112,28-10-2021 17:09:29.207,1016,
28-10-2021 17:08:53.400,46426112,28-10-2021 17:09:29.207,1016,
28-10-2021 17:08:53.400,46426112,28-10-2021 17:09:29.207,1016,
